CustomerID,Recency,Frequency,Revenue
18074,373,13,489.6
13747,373,1,79.6
12791,373,2,192.60000000000002
17908,373,58,243.28
16583,373,14,233.45
17968,373,85,277.35
14729,373,71,313.49
14237,372,9,161.0
15350,372,5,115.65
15165,372,27,487.75
17643,372,8,101.55
16274,372,67,357.95
14142,372,22,311.81
13065,372,14,205.85999999999999
18011,372,28,102.78999999999999
17732,372,18,303.97
12855,372,3,38.1
17855,372,17,208.97
17925,372,1,244.08
13108,372,10,350.06
15070,372,1,106.2
15923,372,21,127.08
16752,372,9,207.5
15922,371,12,375.40000000000003
16510,371,13,248.1
17976,371,65,353.19
17547,371,2,11.8
13958,371,5,102.45
16995,371,1,1.25
13011,371,3,50.550000000000004
16754,371,2,2002.4
14576,371,1,35.400000000000006
12738,371,11,155.35
14213,371,5,1192.2
12686,371,7,89.14
14679,371,1,2.55
17967,371,48,123.07
14589,371,3,39.75
16926,370,14,230.25
12725,370,24,427.8
14813,369,30,155.43
16718,368,45,623.75
15880,368,106,373.28
15899,368,4,56.25
18113,368,1,76.32000000000001
17860,368,58,252.8
16658,367,8,123.24
16138,367,1,7.95
18119,367,30,181.12
13786,366,7,230.39999999999998
15180,366,6,87.5
13807,366,7,112.6
16125,366,13,289.35
14821,366,2,48.800000000000004
12441,366,11,173.55
16893,366,45,145.93
15221,365,11,692.4
16679,365,3,129.75
12870,365,2,14.899999999999999
15332,365,35,1661.06
16858,365,13,405.49
13270,365,1,590.0
15347,365,5,201.60000000000002
13370,365,44,788.42
16252,365,21,295.09000000000003
14932,365,17,363.53
14355,365,11,174.4
16065,364,74,372.09
15945,364,2,181.0
17978,364,12,300.92
16795,364,66,414.88
16579,364,1,30.6
16781,364,19,327.85
17456,364,17,249.86
17307,364,1,152.64
12605,364,3,7.5
17880,364,26,458.92
14082,364,29,182.25
15723,364,41,203.1
16727,363,46,272.82
16565,363,3,173.7
15503,362,70,147.09
17251,362,39,283.28000000000003
14413,361,23,122.7
18004,361,40,169.47
16665,361,9,135.4
15454,361,25,179.1
15361,361,7,418.92
17303,360,53,250.04
17524,360,6,145.0
13948,360,3,102.0
16202,360,18,365.27
18141,360,1,35.400000000000006
16262,360,3,31.65
16812,360,15,479.35
16499,359,22,411.8
12797,359,17,313.88
13295,359,11,204.45000000000002
17525,359,9,422.7
17551,358,43,306.84
18050,358,5,74.4
12666,358,2,227.44
17752,358,1,80.64
13829,358,1,102.0
17496,358,10,271.05
15789,357,25,351.3
15224,357,16,333.68
18269,357,8,198.3
14373,357,4,76.55
17691,357,19,290.40000000000003
13874,357,18,540.45
12551,357,10,168.0
15204,356,9,316.58000000000004
15160,356,4,158.16
13033,356,11,190.55
17343,354,17,193.64000000000001
18256,354,4,50.099999999999994
15279,354,21,303.61
14119,353,1,19.9
13369,353,19,352.81
15460,353,58,216.76
18176,353,33,504.05
16270,352,54,1141.24
12515,352,16,383.7
12734,352,4,110.39999999999999
15562,351,1,134.55
13922,351,7,172.25
13304,350,21,300.42
16282,339,11,168.3
15266,337,6,119.3
15464,337,157,1048.85
12503,337,1,1126.0
12386,337,10,401.9
15823,336,17,870.76
13187,336,37,236.02
15607,336,13,104.75999999999999
12489,335,15,334.93
15649,335,2,816.0
14889,335,10,135.9
17128,334,14,157.09
12793,334,24,545.48
12651,334,9,114.0
18032,333,5,73.5
16850,333,19,332.41
15326,333,29,311.71
12736,332,4,234.0
16351,332,8,153.9
13144,332,3,110.95
15346,332,17,252.42000000000002
17569,331,29,344.14
14270,331,29,492.65000000000003
14185,330,3,197.65
15447,330,9,155.17000000000002
16315,330,14,226.37
15510,330,1,250.0
17406,329,116,2472.12
18085,329,29,689.95
15100,329,6,1116.8999999999999
12672,329,10,225.9
13385,329,35,534.57
18106,329,39,430.7
12872,326,66,599.97
15316,326,1,165.0
14238,325,8,146.85
18212,325,43,248.42000000000002
13859,325,28,201.16
18233,325,1,440.0
12346,325,2,154367.2
13898,325,12,155.93
15395,325,7,107.45
13693,324,4,32.0
12665,324,4,64.25
14090,324,1,76.32000000000001
15171,324,7,1544.5
15262,323,10,178.95000000000002
17862,323,11,330.9
12402,322,11,225.60000000000002
13008,322,15,280.46999999999997
15422,322,6,97.7
15174,322,11,135.75
13284,322,14,206.23
17890,322,94,602.09
16387,322,4,94.36
12829,321,12,332.95
12652,321,51,925.4300000000001
17714,320,10,153.0
15167,320,41,163.0
14068,319,24,265.85
14368,319,8,155.0
14782,319,6,200.10000000000002
14439,319,32,2661.24
15820,319,17,206.98
13551,318,4,91.80000000000001
15052,318,30,215.78
14130,318,67,483.86
15222,318,5,585.0
16757,318,7,106.83000000000001
15213,318,25,331.65
13703,317,1,99.5
16222,317,137,846.72
14248,317,8,302.58
13002,317,7,120.95
17094,317,15,333.8
17118,317,10,157.01999999999998
15661,316,5,309.8
12591,316,26,452.84999999999997
12764,316,45,1693.88
13328,315,17,1308.48
16124,315,16,310.85
12574,315,11,218.45
12735,314,43,779.5699999999999
12501,314,160,2249.1
12377,314,77,1628.1200000000001
17062,313,71,542.27
13161,312,8,112.75
15415,312,48,572.8100000000001
17431,312,43,403.3
17239,312,16,385.05
15448,312,28,494.64
13615,312,24,435.39000000000004
18095,312,21,580.05
17619,311,77,218.52
13506,311,29,464.22
13600,311,19,219.52
15881,311,32,564.54
14496,311,19,538.8100000000001
14627,311,5,21.85
17356,311,19,178.22
14850,311,22,373.35
13494,311,18,316.26000000000005
12373,310,14,364.6
14549,310,56,289.24
15107,310,20,391.34
15940,310,2,39.8
14457,310,4,113.64
12559,310,22,587.21
14411,310,14,1063.0
15226,310,8,154.41
17912,309,40,326.41
17223,309,49,426.79
12350,309,17,334.40000000000003
16030,309,29,331.24
13800,309,33,558.32
13581,308,10,118.0
17517,308,11,153.94
17226,308,21,393.49
17291,307,1,550.8000000000001
15090,307,23,381.32
13963,307,35,664.54
17392,306,62,457.91
13584,306,24,142.39999999999998
15808,305,210,3745.17
14438,305,9,131.9
12956,305,19,108.07
14600,305,25,393.33000000000004
13809,304,12,155.05
17859,304,25,148.21
15753,304,1,79.2
17881,303,8,133.35
15843,303,8,118.95
15970,303,11,314.09999999999997
12401,302,5,84.3
17843,302,37,205.48
17358,302,59,365.85
13706,302,20,330.79
12561,302,16,238.85
16425,301,21,302.7
17850,301,312,5493.79
16405,301,5,167.25
16403,301,15,193.95
16725,301,152,786.97
13819,301,36,1140.35
12505,300,1,4.5
13672,300,16,444.24
18250,300,22,355.62
18159,300,23,530.15
15638,300,2,94.0
12943,300,1,3.75
14497,300,31,493.27000000000004
12410,300,28,705.58
17334,300,12,307.44
16897,298,44,366.53000000000003
16084,298,38,436.18
15236,298,15,321.05
14431,298,22,542.96
17829,298,30,889.24
16738,297,1,3.75
13893,297,21,821.1
14176,296,32,579.8000000000001
14935,296,10,1784.71
16509,296,13,363.70000000000005
14386,296,7,142.4
15670,296,12,173.05
16494,296,50,826.53
16148,295,1,76.32000000000001
18138,294,8,152.65
14371,294,4,100.5
13932,294,16,307.4
14760,293,7,124.60000000000001
16765,293,1,34.0
12988,291,92,535.32
12707,291,33,603.42
16073,291,2,150.45000000000002
12365,290,23,962.0699999999999
13044,290,33,560.47
16546,290,31,1670.2300000000002
16349,290,9,53.5
16913,289,8,113.44
18114,289,28,220.1
15303,289,31,574.02
12852,289,20,323.35
17499,289,40,622.88
15397,289,6,94.0
18068,288,1,101.7
15590,288,1,30.19
17171,288,16,224.91
17117,287,9,116.2
12945,287,23,462.95
18056,287,19,363.65000000000003
16072,287,23,584.3199999999999
15543,287,28,127.86
13751,287,9,296.25
16997,287,12,702.0
13753,287,35,741.26
12361,286,10,189.9
13973,286,11,264.7
13684,285,31,70.23
14036,284,38,626.65
16339,283,20,109.95
12509,283,7,176.5
14046,283,14,154.99
17165,283,10,158.68
16078,283,1,79.2
15709,283,6,133.25
15319,283,16,204.5
15456,282,60,447.22
12866,282,26,559.12
13497,282,20,375.05
15733,282,10,162.3
12834,282,18,312.38
13166,281,42,419.7
16792,281,12,110.38
12873,281,4,374.0
17923,281,1,207.50000000000003
15087,281,15,306.94
12565,281,10,160.67000000000002
16159,281,14,348.2
17995,281,2,76.1
17789,280,14,225.9
15257,280,8,402.15
12817,280,4,166.04000000000002
13715,280,108,1104.74
17508,280,22,387.31
13382,280,15,222.99
14570,280,29,218.06
14779,280,41,386.15
17325,279,6,96.8
14670,279,132,411.53
17535,279,13,164.4
14247,277,20,136.77
15554,277,14,217.2
18280,277,10,180.60000000000002
12614,277,20,315.6
14012,277,11,328.8
17654,276,22,117.55
16598,276,11,149.4
14048,276,88,444.73
16517,276,17,162.70000000000002
15869,276,15,149.64
13345,276,22,401.4
15234,276,14,197.0
15944,276,6,325.1
16917,276,9,391.52
12623,275,18,305.1
17639,275,7,108.5
12881,275,7,298.0
17138,275,24,380.5
14165,275,25,122.54
15057,274,25,1489.5
13493,274,8,618.63
16471,274,13,223.95000000000002
14603,274,2,660.0
16625,274,23,333.08
18086,273,7,101.34
14727,273,10,268.58
14114,273,15,386.53
13133,273,7,109.8
17194,273,29,262.62
15049,273,3,121.17000000000002
13226,272,16,108.21
16766,272,34,1145.6
13708,270,51,296.88
14962,270,5,126.7
15308,270,21,318.67
14350,270,21,307.16
15388,269,10,140.54
16037,269,39,855.02
15047,269,22,343.62
17542,269,25,170.75
16392,269,45,221.19
13716,268,21,138.28
16061,268,1,29.95
13121,268,53,312.73
16152,268,29,1829.04
13358,268,29,439.03
13261,268,9,944.1
13299,267,5,142.5
13185,267,1,71.4
14840,267,4,62.85
13216,267,5,333.74
12845,266,27,354.09000000000003
14081,266,156,964.37
16216,266,37,914.9300000000001
16377,266,5,676.2
16976,266,2,251.51999999999998
12514,266,51,1017.6800000000001
13093,266,170,7923.47
13707,266,48,806.41
13072,266,7,177.15
15695,266,22,409.98
16716,266,3,1482.6000000000001
14059,266,8,183.6
14066,266,7,152.55
15019,266,70,266.0
14041,265,21,141.41
17060,265,5,234.23999999999998
14155,265,6,118.75
14633,265,20,344.90000000000003
15703,264,5,211.5
12902,264,10,138.68
16402,264,60,299.6
14693,264,8,172.9
16096,263,12,320.62
15408,263,34,267.18
15445,263,5,113.5
17230,263,73,3810.15
14762,263,21,300.52
13934,263,31,922.1
18224,263,10,158.95000000000002
17678,263,16,298.11
17763,262,1,15.0
13262,262,11,200.29
16427,262,9,241.06
14632,262,8,114.56
16135,262,21,517.5500000000001
12831,261,9,215.05
15437,261,45,200.16
15457,261,58,237.07
16721,261,37,292.47
17102,261,1,25.5
13239,261,22,329.56
14870,261,13,327.25
17507,261,88,605.58
18191,261,7,207.8
13132,261,3,77.3
17486,260,24,396.87
12564,260,21,456.90000000000003
16250,260,24,389.44
12811,260,31,514.85
13341,260,42,775.85
13512,260,15,251.21
17698,260,8,154.95
16022,259,76,628.28
16769,259,40,380.39
16063,259,23,335.32
15178,259,3,40.5
14348,259,18,409.57
14536,259,19,171.8
13452,258,2,590.0
18071,257,25,453.0
16256,257,14,772.23
13357,256,90,609.95
14476,256,19,215.7
13368,256,29,623.4
12792,256,25,400.54
13649,256,23,346.6
15083,256,5,88.19999999999999
18010,256,14,174.79999999999998
16692,255,3,1276.0
15032,255,55,5454.1
13803,254,17,277.07
13439,254,54,283.71
16980,254,87,1078.96
17775,254,3,56.4
15353,254,63,777.02
15424,253,17,383.34000000000003
15832,253,54,836.79
15528,253,26,229.33
14256,253,54,1003.0600000000001
14479,253,18,316.25
13060,253,15,307.53000000000003
14890,253,7,125.65
13043,253,14,561.27
16619,253,16,248.01
15894,252,41,263.55
14957,252,12,58.49
17212,252,4,226.85
14886,252,18,364.8
13626,252,19,257.23
15589,252,30,500.48
13841,252,1,85.0
17701,252,24,417.95
17580,252,45,215.72
16162,251,2,37.4
15691,251,2,136.8
13781,250,17,127.84
12755,249,6,5420.7
16142,249,37,535.34
13059,249,8,183.4
18185,248,17,304.25
17956,248,1,12.75
18108,248,19,277.35
16586,248,8,463.95
16105,248,13,336.96
15442,248,2,594.0
17492,247,12,374.57000000000005
14747,247,19,362.1
15917,247,12,123.1
14220,246,21,632.4
17140,246,20,465.32
14964,246,13,206.21
16378,246,23,362.95
17438,246,19,398.6
17906,246,12,72.89999999999999
16144,246,1,175.2
12580,246,24,415.7
13712,246,10,228.84
14465,246,130,1058.6200000000001
13718,245,12,306.55
14981,245,8,102.12
16643,245,27,487.51
15119,245,14,266.4
14924,245,10,310.05
16623,245,5,129.45000000000002
16010,245,86,407.5
17035,245,32,478.73
15775,244,7,104.9
13863,244,22,312.0
13508,243,12,110.97
12447,242,26,476.49
13570,242,27,239.49
18129,242,14,112.55000000000001
13501,242,53,1370.17
17574,242,8,185.65
14616,242,3,406.08000000000004
16552,242,17,379.73
14669,241,170,1269.99
17972,241,31,136.04
17278,240,15,246.04000000000002
15363,240,17,333.95000000000005
13484,240,8,313.8
15777,240,22,1072.6100000000001
16697,240,21,112.75
15109,240,31,506.15000000000003
13740,240,23,350.75
16097,239,10,185.04999999999998
13221,239,66,847.41
12982,239,34,403.88
15139,239,13,178.96
15212,238,7,114.65
15935,238,12,416.86
16957,238,16,416.64
15230,238,23,429.6
17362,238,35,312.23
14154,238,52,1345.62
14206,238,21,348.06
14619,238,22,409.37
17601,238,9,116.00999999999999
17142,238,15,579.0
12582,238,22,511.36
13120,238,1,30.6
12769,238,32,1143.6
12639,238,22,486.1
17367,237,34,168.4
15246,237,33,514.15
18213,236,15,232.48000000000002
17990,236,29,630.84
16193,236,19,314.45
14532,235,64,932.85
17582,235,29,175.27
13474,235,64,229.59
17697,235,19,338.95000000000005
12754,235,65,3072.36
16947,235,21,406.48
15973,235,6,515.87
16617,235,5,151.85
15749,234,15,67532.7
16217,234,19,349.11
18009,234,33,262.44
14672,234,61,765.55
14326,234,9,200.85000000000002
17746,234,8,121.7
14339,234,18,329.13
14242,234,16,280.55
15717,233,7,150.3
12585,233,97,2097.39
13101,233,8,101.19
15225,233,23,409.40000000000003
12733,233,22,383.95
17217,233,9,113.5
14148,233,3,157.2
13485,232,23,454.24
15517,232,27,267.03000000000003
17120,232,18,307.46000000000004
15135,232,10,150.95
15655,232,37,610.02
17946,232,20,149.57999999999998
12506,232,23,73.5
12354,231,58,1079.4
17718,231,6,139.35
14770,231,52,876.4200000000001
16587,231,13,225.15
12622,231,11,180.1
13482,231,11,184.64000000000001
17670,227,11,205.7
16834,227,24,413.46
17277,227,69,1065.3500000000001
16823,226,38,358.38
12573,226,28,160.54000000000002
14586,226,27,340.56
16698,226,5,1998.0
16965,226,26,201.19
15891,226,62,524.52
17187,226,10,203.95
15223,225,32,1056.6
15143,225,14,259.45
13229,225,10,160.95
14271,225,10,112.32000000000001
17893,224,16,112.25
14022,224,28,440.0
17991,224,5,93.35
15210,224,20,331.18
16163,224,7,1271.6000000000001
14311,224,27,390.81
14304,222,27,569.8000000000001
16634,222,9,217.9
16055,220,8,134.8
17501,220,18,288.6
17443,219,1,534.24
18220,219,4,312.78
16610,218,6,75.66
17646,218,54,1021.12
17394,218,4,203.86999999999998
13731,218,38,610.59
16227,218,7,320.12
16990,218,1,179.0
17374,218,28,495.77
16109,218,18,611.88
14340,218,6,134.7
13711,218,13,252.06
16714,218,94,1411.53
15147,218,29,638.35
18239,218,88,1561.6100000000001
16457,217,9,208.36
14199,217,2,185.39999999999998
17849,217,26,605.8000000000001
14423,217,3,265.2
15759,217,7,253.04000000000002
14697,217,22,188.61
18183,217,44,663.62
14393,217,5,67.95
15235,217,143,2247.51
17548,217,17,348.08
15668,217,1,76.32000000000001
16319,217,3,404.40000000000003
17174,217,4,59.9
18227,217,5,93.75
17604,216,63,309.36
18078,216,29,336.13
15552,216,17,90.12
12414,216,18,562.41
13723,216,6,199.85000000000002
14161,215,108,1110.52
13642,215,66,354.8
13561,215,14,141.86
15092,214,26,457.81
14353,214,6,90.6
16756,214,13,239.4
18120,213,17,111.15
12355,213,13,459.4
14699,213,8,109.13000000000001
12821,213,6,92.72
12888,213,7,394.47
17597,213,55,2044.3700000000001
15381,213,8,596.85
16306,213,44,662.27
15063,212,5,370.8
16431,212,83,642.81
13990,212,16,311.3
14920,212,57,977.77
16297,212,23,328.4
14149,212,40,633.8100000000001
15079,212,48,897.56
13052,211,18,348.15
15732,211,14,294.12
14288,211,17,439.35
17889,211,21,203.87
13235,211,59,1960.97
12625,211,91,2753.32
12976,211,22,738.6
16244,211,91,1522.75
16943,211,33,816.73
14988,211,40,334.54
13837,211,19,271.24
16006,210,8,101.4
18133,210,2,1147.5
13952,210,138,3256.051
17970,210,31,582.59
12770,210,12,1351.45
12857,210,46,1106.4
14873,209,28,519.68
14689,208,13,112.80000000000001
15333,207,16,1028.56
17263,207,23,63.44
15813,207,40,1303.91
14489,206,30,463.38
14888,206,20,369.2
13976,206,10,357.98
14320,206,42,612.47
17504,205,140,3248.78
14000,205,16,637.61
18218,205,24,697.78
12690,205,16,389.01
16116,205,35,632.68
17556,205,6,157.9
13572,205,33,1384.25
13531,204,22,483.8
14896,204,43,468.77000000000004
17245,204,9,171.45
17871,204,10,155.9
12897,204,4,216.5
14620,203,30,432.28000000000003
13762,203,14,613.44
15648,203,28,714.8000000000001
13887,203,19,349.55
12353,203,4,89.0
13391,203,1,59.8
17455,203,8,131.7
13151,202,75,1265.3700000000001
13243,202,58,600.07
16226,202,8,255.12
18048,202,7,172.29
14195,201,8,1061.3
13227,201,9,257.7
17176,201,15,306.13
14647,200,30,243.22
15724,200,12,224.20000000000002
15292,200,25,180.94
15705,200,6,143.1
13339,200,54,860.12
17715,200,1,326.4
13223,199,5,163.2
14817,199,63,1110.34
13737,199,30,339.6
18202,199,68,1396.99
15314,198,24,327.97
15042,198,5,135.93
15882,198,24,537.36
17955,198,19,557.3
17770,198,38,1143.27
14705,198,1,179.0
14985,197,87,296.75
14009,197,44,705.29
16448,197,20,188.89000000000001
15729,197,6,108.0
13479,197,16,310.9
12974,197,8,144.8
16356,197,32,213.22
12547,197,8,207.8
16838,196,26,594.8
14816,196,4,271.85
17550,196,42,267.16
13659,196,108,1595.55
14828,196,17,2139.76
14280,196,8,134.04
13135,196,1,3096.0
16275,196,33,559.87
12999,195,28,455.88
16323,195,1,207.50000000000003
16034,195,22,437.70000000000005
16889,194,135,1578.67
17152,194,16,1875.5
12426,194,30,582.73
15897,193,24,222.05
16567,193,35,865.6
17051,193,43,247.14000000000001
15925,193,12,207.15
16483,191,19,139.35
13398,191,26,457.34000000000003
13070,191,9,228.8
17454,191,61,517.53
12790,191,21,324.92
18231,191,126,2100.37
18190,191,16,294.41
16810,191,16,343.44
14377,190,11,617.05
16424,190,6,184.56
13475,190,86,1431.78
17472,190,181,710.29
13062,190,11,346.98
17820,190,5,24.05
14740,190,93,1473.21
16449,190,43,740.69
17578,190,6,162.18
15918,190,40,334.23
14453,189,22,119.93
12590,189,70,9867.14
15658,189,56,1089.3
16529,189,30,455.25
17375,189,71,427.7
13294,189,54,873.74
16230,189,35,542.03
12601,189,29,584.5600000000001
16117,189,30,232.21
16967,188,21,319.02
15405,188,8,349.1
16659,188,2,39.12
13885,188,28,506.8
15508,188,92,1000.27
17708,187,35,267.08
14682,187,2,52.0
14512,187,23,275.28
16883,186,38,276.73
16963,186,7,110.55000000000001
13682,186,3,59.5
16849,186,8,124.57
15852,186,22,160.71
16520,185,157,1056.52
15386,185,31,394.14
16611,185,11,137.99
14542,185,5,103.25
12868,185,107,1607.06
14867,185,37,719.23
12891,185,3,331.0
17874,184,47,708.66
14375,184,75,257.68
17124,184,32,298.89
17987,184,13,198.57
16763,184,24,628.8
17026,184,4,154.83
17707,184,5,152.4
13395,184,21,307.71999999999997
14625,184,57,950.78
17854,184,15,311.26
12383,184,100,1861.81
17409,184,13,771.85
16955,184,26,543.67
14622,184,21,320.58
16832,183,12,199.15
12802,183,26,442.58
13811,183,14,1037.25
14241,183,10,213.7
15780,183,29,475.28000000000003
16113,182,30,161.38
13900,182,43,740.95
13462,182,10,159.75
13686,182,8,72.0
15609,182,18,326.93
17234,182,14,149.89
16614,182,26,506.19
13533,182,76,270.79
15098,181,5,79183.5
14450,180,40,483.25
18281,180,7,80.82
14823,179,70,321.43
14573,179,241,1703.12
12732,179,12,236.26000000000002
17795,179,46,350.39
15069,178,70,1109.53
17349,178,9,110.75
13080,178,6,58.08
14231,178,54,1029.3600000000001
13663,178,13,189.47
15643,178,36,680.6
13476,178,61,1384.17
12818,177,16,1566.28
15912,177,19,264.62
17749,177,35,674.52
17179,177,80,711.79
15574,177,168,702.25
16461,177,33,151.42
16644,177,62,833.78
17536,176,3,76.5
18165,176,10,302.46
14222,176,41,683.17
15585,176,31,455.3
16276,176,6,810.6
16257,176,2,46.95
17446,176,9,120.89999999999999
14037,175,28,147.20000000000002
14245,175,112,1709.42
13951,175,39,674.45
15219,175,9,305.75
18168,175,140,1206.24
14491,174,17,340.93
17616,173,3,571.1999999999999
15909,173,7,191.94
13005,173,29,558.45
13618,173,13,177.34
16805,173,98,460.59
14162,173,25,289.36
16050,173,10,137.9
16484,173,26,429.2
17879,173,6,178.52
13568,172,44,192.85
18062,172,27,720.52
15535,172,78,612.9
12837,172,12,134.1
15076,172,49,880.85
15921,172,25,336.03000000000003
17897,172,115,592.1
13343,172,22,402.93
15016,172,20,170.04
18260,172,140,2691.4
15825,171,20,532.94
16320,171,56,1038.46
15389,171,1,500.0
15700,171,89,729.33
15280,171,16,113.12
16739,171,16,333.45
15507,171,46,492.36
16526,171,15,290.36
17960,170,26,73.78
15412,170,10,190.53
13936,170,27,391.88
16114,170,8,135.75
16214,170,44,1062.75
17877,169,12,237.61
16247,169,16,114.56
14643,169,34,719.01
15041,169,67,180.35
14998,169,75,429.87
16287,169,8,142.5
15130,169,22,330.11
15384,169,43,649.06
16647,169,14,214.06
17709,169,7,137.45
17630,169,26,503.6
15379,168,196,3774.69
14656,168,80,291.05
17204,168,67,1776.21
13929,168,10,882.45
13937,168,9,158.85
14584,168,101,1055.26
17704,168,31,885.19
13856,168,17,413.6
15258,168,34,623.16
15665,167,116,2242.01
12809,167,26,494.26
15104,166,71,1052.34
17969,165,14,228.2
14795,165,6,131.45000000000002
15644,165,238,813.0
12548,165,5,95.19999999999999
13453,165,17,356.98
12493,165,23,450.69
17980,165,30,811.45
17110,164,12,163.29999999999998
15976,164,98,430.94
16473,164,19,317.36
13656,164,49,379.65
16545,164,3,339.3
14481,164,30,636.51
14351,164,1,51.0
13300,164,22,378.49
17900,164,11,209.39999999999998
15146,164,95,1340.66
17391,163,3,508.8
17408,162,2,32.65
15537,162,24,110.92
14327,162,12,311.65000000000003
16801,162,121,2371.63
16553,162,86,5775.07
12424,162,30,1760.96
15578,161,13,127.1
14803,161,44,845.55
17891,161,34,203.85999999999999
17123,161,9,345.3
17505,161,52,1145.8400000000001
15483,160,88,233.81
16498,160,16,115.82000000000001
12922,160,28,405.38
17939,159,12,99.14
13833,158,29,384.8
17899,158,32,155.79999999999998
17105,158,90,665.78
17781,158,12,188.02
15007,158,12,156.91
17765,158,57,371.88
17464,157,9,289.96000000000004
16344,157,2,101.10000000000001
14338,157,34,622.22
15349,157,72,473.81
13826,157,12,204.35
15646,157,36,470.14000000000004
13085,157,29,559.78
18203,156,19,160.42000000000002
16338,156,11,214.8
16146,156,29,734.13
17046,156,22,642.02
14352,156,47,1078.96
14645,156,30,597.09
13253,156,36,1030.4
16829,156,11,197.22000000000003
15889,156,93,446.87
15334,156,99,351.67
17341,156,183,781.36
16919,155,327,2596.45
12450,155,8,197.88
12977,155,9,39.24
15512,155,7,121.0
13291,155,42,361.11
13583,155,53,781.03
12980,155,24,7657.740000000001
14459,154,37,1837.92
18013,154,31,187.29
14021,154,22,631.9
16581,154,11,141.24
13699,154,14,308.58000000000004
18072,154,36,494.88
13302,154,1,63.75
16091,154,18,315.06
14264,154,19,348.47
12648,154,21,318.05
14104,154,21,216.20999999999998
14905,153,18,632.4
15182,153,29,622.85
18037,153,19,70.02
14016,153,162,4353.96
13338,153,24,542.22
15920,153,60,167.5
13955,153,33,322.96
17787,152,134,1865.19
18024,152,22,542.78
17126,151,262,1017.65
13678,151,16,232.6
15045,151,13,837.66
13754,151,12,282.6
14552,151,58,165.07
13675,150,25,486.82
18142,150,18,1024.14
13745,150,26,308.54
15265,150,82,1506.1200000000001
12717,150,56,1080.98
17337,150,548,2111.42
15577,150,39,258.88
12669,150,102,3880.33
18193,150,18,274.56
14267,150,66,1753.39
14548,150,4,652.8
14483,149,10,145.0
16998,149,6,302.98
15895,149,11,179.17
15795,149,42,610.01
16450,149,11,311.92
18121,148,32,673.1
13667,148,87,305.02
12405,148,54,1710.39
12653,148,43,2209.85
14847,148,13,309.40000000000003
12915,148,22,363.65
15256,148,6,98.45
15402,148,42,626.77
17259,147,124,603.37
14461,147,180,2103.06
14891,147,33,554.38
12815,147,47,1063.46
17440,147,8,195.74
17444,147,135,2940.04
17948,146,1,358.56000000000006
15004,146,158,1246.32
14958,146,42,499.68
14722,146,29,187.92
15716,145,118,1118.81
13967,145,2,80.7
16054,144,70,783.9
12833,144,24,417.38
17984,144,48,152.68
14758,144,71,1484.06
13821,144,59,385.64
16398,144,86,1780.45
17448,144,1,4287.63
13564,143,85,2850.3
15369,143,1,1592.49
13154,143,1,611.86
12840,143,116,2739.27
14117,143,3,90.0
12947,143,103,1800.69
15713,142,20,366.65
12468,142,40,735.0400000000001
16112,142,16,195.74
17065,142,1,112.35
14437,142,6,169.4
12875,142,2,343.2300000000001
12510,142,33,982.5699999999999
12521,142,38,599.68
17866,142,10,333.6
15802,142,3,1354.26
16807,142,67,1121.59
17962,141,35,102.83
15108,141,61,1308.75
14259,141,5,120.0
17694,141,15,283.12
17660,140,45,196.0
16654,140,31,607.57
15623,140,19,301.03000000000003
14400,140,26,589.7
16866,140,11,207.74
18146,140,10,160.35
15704,139,117,2293.62
18262,139,13,149.48
12916,138,109,3029.95
17265,138,127,562.9
17312,138,14,644.3
16305,138,22,361.21999999999997
16948,138,19,435.02
12864,137,3,147.12
17935,137,29,145.79
13802,137,66,5292.57
12763,137,18,494.08
13037,137,48,881.07
16178,137,8,197.9
17040,137,15,449.72999999999996
14100,137,26,194.9
13296,136,5,87.4
14692,136,69,601.05
15372,136,27,2007.4
15855,136,80,712.24
13492,135,50,1269.8400000000001
17693,135,18,213.92
13730,135,43,752.6
13194,135,3,60.7
16447,135,36,259.01
16696,134,10,657.9
15261,134,19,254.82
17649,134,53,875.24
18151,134,38,653.35
13420,134,10,179.35
12453,133,43,707.09
15639,133,25,425.32
15118,133,1,244.8
15746,133,29,210.79999999999998
14002,133,47,529.73
12743,133,134,546.43
12507,133,23,1351.56
17931,133,65,408.36
15245,133,89,2515.84
18268,133,2,51.0
15942,133,14,337.44
14143,133,7,115.8
16147,133,22,375.0
15149,133,23,520.8000000000001
13414,133,24,1390.5
15776,132,18,241.62
17926,132,21,397.29
18064,132,7,814.0
17695,131,35,765.34
14885,131,15,765.3199999999999
15438,130,25,156.58
12942,130,75,683.9
17941,130,2,304.56
12534,130,63,1089.18
14403,129,26,1525.31
17615,129,14,329.6
17282,129,94,1703.41
17553,129,2,1487.6
15120,129,22,373.82
13075,129,22,919.61
12644,129,31,477.90999999999997
12378,129,219,4008.62
14133,129,30,620.94
14076,128,46,122.47
17353,128,8,1740.0
17887,128,10,111.35
12750,128,15,275.88
15374,128,3,168.0
17053,128,14,500.58
13106,128,2,93.5
12643,127,24,3344.64
16324,127,118,428.68
16835,127,10,180.85
14972,127,18,114.77
17514,127,40,208.65
12917,127,2,594.0
15133,127,29,982.42
14344,126,71,889.9300000000001
17692,126,47,748.44
15254,126,18,300.36
14778,126,35,730.86
13402,126,39,621.23
18099,126,19,168.31
16572,126,58,1019.5
13218,126,5,62.64
17267,126,38,317.62
17723,126,10,3276.4000000000005
13513,126,10,205.1
17457,126,19,1737.7
16174,125,23,1009.55
17400,125,213,2129.96
13082,125,75,3631.7799999999997
14079,124,12,375.1
13248,124,26,465.68
14331,123,28,462.65999999999997
13752,123,76,1186.28
14053,123,4,260.25
17331,123,1,175.2
16951,122,87,1292.75
13869,122,307,3104.9500000000003
17085,122,189,1578.25
16788,122,155,597.48
15985,122,38,1247.42
14127,122,44,709.71
15247,121,6,356.0
13280,121,85,814.86
12929,121,9,130.6
13355,121,32,674.7
13217,121,7,934.34
13162,121,82,1731.59
14024,121,16,327.7
17994,121,84,727.29
13388,120,36,727.05
12693,120,41,880.86
15581,120,151,3929.9700000000003
14346,120,60,1021.58
17429,120,42,537.72
17531,120,15,299.95
17248,119,69,318.65
13722,119,86,2381.66
13645,119,5,252.1
13307,119,1,15.0
17642,119,40,712.29
15689,119,9,254.1
13873,119,24,397.5
13888,119,40,605.63
15192,119,51,1044.32
16045,119,83,1340.7
16317,119,69,1341.65
12399,118,59,1108.65
14855,118,20,645.65
17122,118,7,138.32
14406,118,8,156.75
15683,116,10,193.75
16292,116,19,323.59999999999997
13116,116,31,517.09
13621,116,19,213.85
17252,116,87,353.86
12758,116,97,2791.59
16272,116,25,411.7
15624,116,34,588.13
13799,116,39,688.86
18143,116,61,1000.16
17958,116,7,508.46000000000004
13720,116,43,799.9
16961,115,14,234.17
16902,115,44,1706.88
15480,115,45,905.5
15342,115,26,420.42
14006,115,30,962.19
15002,115,115,1641.76
15768,115,28,661.83
16927,115,6,543.05
14918,115,45,1610.15
12641,114,10,185.9
17048,114,48,986.38
17398,114,38,653.38
15734,114,26,1339.45
14323,114,41,635.86
16755,113,176,1509.03
18073,113,76,3890.6000000000004
13655,113,56,932.97
15541,113,29,85.13000000000001
17070,113,64,312.14
18248,113,49,825.02
18178,113,99,1608.21
12688,113,171,4873.81
13027,113,26,6912.0
12729,113,26,453.01
13273,112,16,138.98
15472,112,76,371.56
17742,112,15,355.11
15232,112,31,612.06
16582,112,6,313.62
15797,112,8,2207.4
17045,112,22,339.44
14745,112,70,1273.3600000000001
15396,112,14,288.18
12418,112,34,668.58
16419,112,52,984.98
13242,111,13,270.40000000000003
15938,111,18,404.58000000000004
14772,111,9,139.26
12968,111,5,135.95
14566,110,4,1432.0
17029,110,2,716.0
14246,110,75,1474.06
14224,109,118,1050.12
14460,109,17,485.34
14013,109,34,473.02
15313,109,1,52.0
12363,109,23,552.0
16952,108,16,167.61
17585,108,214,1133.07
14265,108,31,530.18
13933,108,23,608.79
14045,108,6,1659.75
17083,108,52,1405.78
14930,108,128,2372.86
14364,108,69,3717.35
16550,108,261,2331.69
12593,108,21,418.09999999999997
14523,107,12,241.09
13593,107,129,2083.88
17242,107,40,1135.04
13140,107,46,423.72
13425,107,78,1624.21
18018,107,29,122.14
14301,107,16,648.24
16302,107,12,253.62
17268,107,6,763.64
12853,107,84,2032.5
16536,106,56,558.92
17256,106,16,240.0
13411,106,18,213.55
14407,106,76,2204.38
15812,106,41,1801.14
15800,106,119,699.08
12649,106,33,643.3100000000001
16340,106,153,549.07
14973,106,32,1314.45
17869,106,40,428.18
17134,106,24,425.0
14196,106,6,335.52
15263,106,12,156.51
14314,106,8,120.0
13000,106,31,534.85
16093,106,1,17.0
17844,106,5,51.559999999999995
16503,106,86,1442.43
14687,106,15,628.38
16429,105,2,284.55
16859,105,72,1022.48
14055,105,10,725.6400000000001
12624,105,38,641.13
12715,105,21,353.86
15663,105,9,138.14
18200,105,32,163.8
17189,105,61,384.4
13003,105,6,149.05
17146,105,35,749.78
16641,105,12,231.1
13489,104,14,449.52
15641,104,119,1887.2
15074,104,42,748.87
15569,103,31,1375.71
14472,103,281,1936.84
13301,103,81,618.09
15325,103,49,162.29
15095,103,49,1376.5
16816,102,28,417.06
13778,102,9,178.7
16806,102,103,801.49
12814,101,2,125.92
14078,101,65,1049.37
15866,100,45,230.53
17298,100,30,498.42
16083,100,31,1317.62
15596,100,84,1469.84
14513,100,18,472.69
17747,99,2,78.15
17320,99,73,1200.6200000000001
17588,99,23,1240.2
15260,99,78,1840.77
13466,99,18,317.85
16780,99,60,425.19
15625,99,68,1563.96
16180,99,176,10290.88
13631,99,12,3119.07
12436,99,16,509.01
16456,98,111,2158.37
13470,98,10,165.0
13045,98,18,305.28
13376,98,53,1019.76
15829,98,51,636.14
13099,98,1,207.36
16808,98,23,288.42
14436,98,9,89.06
18027,98,21,115.31
16092,98,53,856.36
18087,97,7,4341.32
14463,97,6,529.62
14171,97,58,363.79
16761,96,13,316.62
12710,96,79,1167.47
12851,96,50,135.18
17774,96,157,1235.36
14965,95,83,599.0
17050,95,316,3228.84
17229,95,47,318.76
13240,95,67,663.65
13548,95,124,682.41
17722,95,120,2467.44
16551,95,32,922.12
13748,95,28,948.25
15364,95,29,913.19
12422,95,39,803.5600000000001
15307,95,12,205.3
12502,95,147,3723.87
16820,95,26,497.61
13851,95,81,2651.46
14565,95,129,3124.4700000000003
12816,95,29,572.2
16172,94,69,1140.21
13192,94,63,911.94
13744,94,72,1156.36
17309,94,12,82.75
15491,94,155,3109.33
18196,94,141,689.13
17560,94,27,854.95
13158,94,79,1201.06
16400,94,29,303.93
14208,94,10,151.74
15462,93,11,234.6
17339,93,9,243.36
16175,93,58,1037.5900000000001
13130,93,2,64.0
13122,93,55,922.39
12461,93,35,826.88
13210,93,22,353.48
15071,93,26,982.07
16828,92,8,128.5
18093,92,38,2129.62
13889,92,15,416.90000000000003
15488,92,2,91.32000000000001
15885,92,18,379.35
18222,92,19,443.0
15653,92,6,877.44
13244,92,27,121.74
13330,92,53,1140.93
13848,91,5,1255.0
16031,91,100,548.94
13249,91,23,711.41
14223,91,61,1007.03
15400,91,13,765.7
15198,91,10,193.64000000000001
12592,91,18,437.6
12535,91,34,716.35
13441,91,13,296.64
16027,91,17,1017.12
14414,91,98,1508.83
16309,91,44,726.47
14210,90,103,1910.7900000000002
16723,90,43,589.15
15652,90,21,337.74
14628,90,24,671.96
14837,89,110,1657.8
12635,89,101,1689.18
15035,89,27,252.73000000000002
15636,89,25,724.76
16384,89,33,584.5
15939,89,77,6127.76
14212,89,9,1070.48
13124,89,235,3866.33
13372,89,23,378.64
18255,88,6,103.30000000000001
16796,88,18,305.62
13611,88,76,1185.4
12965,88,109,771.91
18215,88,13,299.34000000000003
14307,88,180,2995.7200000000003
15980,88,43,2398.86
16209,88,46,2262.62
12884,87,7,309.05
16141,87,30,620.4
17919,87,23,1304.04
12924,87,31,937.45
17433,87,54,303.16
16475,87,28,544.3
15996,87,131,1076.58
15673,87,155,2881.02
14500,87,7,356.85
14276,87,75,1220.09
13850,87,94,1604.15
16451,87,14,266.96999999999997
16098,87,67,2005.6299999999999
15216,87,2,96.6
15343,86,21,364.5
14753,86,30,563.15
16036,86,55,758.9200000000001
18251,86,16,4314.72
16959,86,7,117.35000000000001
14163,86,52,2445.91
16229,86,47,1010.6
17640,86,5,621.66
12756,86,4,112.08
18173,86,31,2106.84
14660,86,30,285.74
16745,86,358,7217.9
17347,85,1,228.96
17033,85,28,1030.14
13877,85,3,117.24
13931,85,59,1244.13
17333,85,28,494.25
16048,85,9,269.19
13539,85,38,656.84
14915,85,13,356.13
13518,85,38,659.44
13662,85,58,916.44
17786,84,72,278.74
17047,84,65,1100.9
14894,84,23,655.75
15466,84,57,334.53
12722,84,57,1090.93
17898,84,28,152.06
17846,84,1,2033.1
15417,84,28,508.8
14105,84,76,1272.13
15122,84,87,1655.43
17594,84,50,993.1800000000001
14420,84,30,389.17
12616,84,36,769.35
15205,84,38,657.65
14177,84,43,564.36
13141,84,136,2391.7000000000003
16709,84,79,3029.87
16108,84,49,868.9
12434,84,54,847.09
12513,84,36,637.79
15099,83,23,410.48
14124,83,5,419.58
15975,83,24,371.01
13563,83,49,777.53
15410,83,122,3450.84
12871,83,11,380.64
15523,83,10,412.01
15947,82,29,1708.24
13067,81,15,115.46000000000001
17802,81,147,1318.24
13334,81,268,3536.82
16370,81,228,1320.56
18094,81,70,3017.3
12379,81,41,854.19
17058,81,62,1179.89
13325,81,12,675.3
16080,81,11,257.72
13562,81,82,1799.3300000000002
18232,81,40,603.47
16906,81,93,579.77
12527,81,18,348.71000000000004
13774,81,22,345.0
12497,81,14,1043.1
12752,80,53,4366.78
15504,80,13,52.83
15675,80,21,323.69
13228,80,2,358.0
17628,80,5,75.75
13375,80,38,784.4
18017,80,3,523.0
15764,80,188,3314.4700000000003
16527,80,14,228.06
16211,80,24,551.27
16428,80,1,2.95
17848,80,51,901.2
14236,80,15,490.85999999999996
15341,80,17,2020.52
16215,80,14,242.35
16624,80,48,810.5699999999999
16777,79,50,226.35
16584,79,31,964.13
15026,79,61,469.0
13356,79,42,768.24
13038,79,28,908.46
16928,79,213,2913.7
17873,79,46,1953.96
12435,79,36,7829.89
12390,79,32,549.84
15888,79,14,195.35
12701,79,53,797.71
13908,79,126,2392.05
17415,79,14,507.84
13946,78,11,561.57
12604,78,16,254.18
12550,78,57,964.83
16627,78,20,322.8
17475,78,14,194.37
17731,78,83,1602.02
13959,78,92,598.2
14951,78,20,311.69
12520,78,155,2686.01
14887,78,6,1862.0
15433,78,53,648.73
13529,78,15,307.76
15810,78,112,1638.53
15201,78,97,1545.24
16213,78,6,159.0
15603,78,2,48.480000000000004
12409,78,114,11088.41
17460,78,37,792.23
16735,78,128,2331.91
12854,78,115,1359.85
17027,78,155,931.99
12739,77,38,1013.04
13486,77,69,1122.41
15067,77,82,1744.76
14038,77,93,1566.28
13220,77,21,819.29
16236,77,20,432.2
17311,77,55,1384.8500000000001
12930,77,27,421.70000000000005
17079,77,2,118.80000000000001
12609,77,60,1126.85
14854,77,131,2769.77
17037,77,77,1281.42
12425,77,36,777.2
16715,77,19,301.71999999999997
16984,77,418,4570.28
12516,77,26,1312.06
12995,77,5,221.92
15744,77,3,34.8
13127,77,15,259.17
17388,77,15,1259.56
15075,77,27,773.03
18189,77,69,1096.14
16978,77,39,344.33
14014,76,39,505.18
14880,76,47,706.19
13336,76,51,795.12
14652,76,29,114.17999999999999
15475,76,29,454.11
15978,76,49,1098.78
16485,76,42,363.65
16872,76,7,680.02
15549,76,116,1730.76
16689,75,16,541.94
16480,75,53,769.29
13787,75,31,309.04
17498,75,17,272.22
14561,75,69,1080.76
15799,75,98,884.14
14152,74,50,631.49
15312,74,48,928.6
12348,74,31,1797.24
18155,74,28,395.42
12545,74,50,1000.39
17154,74,23,329.34
16594,74,53,181.09
16342,74,15,322.41
14757,74,19,420.5
16198,74,15,400.68100000000004
15366,74,44,602.51
13670,74,25,349.7
18066,74,10,318.0
14806,74,11,193.39
12823,74,5,1759.5
13390,74,13,544.08
15626,74,49,675.8
16603,74,34,482.47
12412,74,61,1226.88
13927,74,21,348.99
17172,74,16,322.26
16383,74,102,668.36
14908,73,9,277.8
13233,73,43,605.12
17674,73,27,551.04
13639,73,40,1033.34
15958,73,7,104.35000000000001
16778,73,16,245.94
15243,73,22,316.68
16468,73,2,74.9
13434,73,10,534.24
13866,73,7,145.67000000000002
14473,73,7,234.34
17997,73,180,2430.04
15154,73,92,352.57
13405,73,27,572.451
13514,73,4,152.20000000000002
14272,73,33,437.96
17788,73,5,1117.9
17480,73,31,517.13
16629,73,64,417.73
14818,73,48,657.8
16573,73,46,678.8100000000001
17061,73,101,5348.33
17805,73,10,512.31
18278,73,9,173.9
12987,73,30,572.4
16266,73,61,861.89
14101,73,35,5976.79
13555,73,136,4149.28
17656,72,82,1674.69
13979,72,54,869.87
16181,72,11,305.54
17591,72,167,2236.92
12579,72,31,470.12
13016,72,47,789.89
15674,72,135,3149.18
12455,72,90,2466.86
16122,72,38,684.42
15827,72,134,2030.7
17002,72,50,1499.68
13134,72,105,1846.53
14934,72,88,1893.04
12566,72,20,356.6
17370,72,33,446.18
13397,72,39,1549.08
16681,72,44,1770.3400000000001
16493,72,62,1373.6
13515,72,59,891.12
14609,71,4,601.56
14978,71,216,1931.42
15348,71,9,158.04
16182,71,28,6617.65
18242,71,78,2232.4900000000002
18265,71,46,801.51
13901,71,149,2867.2000000000003
16321,71,16,516.6
16281,71,17,2062.06
17950,71,72,492.28000000000003
13321,71,11,567.36
12393,71,64,1582.6000000000001
15036,71,127,465.55
14947,71,14,290.82
13061,71,10,248.60999999999999
17783,71,67,283.47
17513,71,6,513.1999999999999
18235,71,104,1796.48
13741,71,35,670.53
17894,71,193,1119.81
16650,71,24,518.42
18192,71,45,957.97
14475,71,47,1051.88
15030,71,7,518.28
17819,71,49,3748.67
17427,71,2,100.8
15175,71,23,224.14
12372,71,52,1298.04
13886,70,16,243.56
13354,70,51,743.53
13503,70,17,216.85
16574,70,28,451.44
16589,70,33,459.24
12458,70,38,947.4
14305,70,110,1914.16
12728,70,46,836.33
14681,70,7,498.95
12718,70,19,238.25
18204,70,202,2008.1000000000001
15062,70,57,987.86
16233,70,25,651.23
17905,70,34,800.24
17572,70,12,226.75000000000003
14409,70,55,2210.65
16268,70,45,667.65
14916,70,79,1273.12
12822,70,47,978.78
13092,70,26,495.83
15593,70,5,199.8
13972,70,15,190.25
13095,70,6,74.39999999999999
13764,70,208,1521.76
14164,70,29,1631.77
17376,70,24,203.2
13320,69,110,1605.7
17506,69,16,310.11
12694,69,37,869.67
13347,69,8,341.36
15185,69,21,310.62
15834,69,276,2382.6
16404,69,23,443.05
18008,69,30,2116.19
12842,69,34,1118.99
16613,69,30,618.59
16591,68,10,213.5
16693,68,60,482.01
15774,68,25,270.8
15164,68,103,843.05
15579,68,51,348.6
14970,67,34,1592.06
16667,67,53,570.13
14193,67,42,853.39
13344,67,119,2543.7200000000003
12886,67,86,1405.71
13635,67,62,1071.03
18116,67,378,1418.03
13505,67,227,4504.38
16774,67,49,668.12
12637,66,394,6090.55
13431,66,46,1269.1
15299,66,12,5226.93
15930,66,21,426.63
16183,66,15,338.71
14651,66,102,654.6
16441,66,24,381.2
12413,66,40,822.0500000000001
15241,66,111,1774.29
13364,66,20,269.92
13801,66,23,324.8
16881,66,1,432.0
16882,66,39,705.12
16556,66,207,3313.79
14184,66,24,452.89
15255,66,47,890.85
15339,65,88,590.57
13351,65,16,373.94
15739,65,8,449.12
15228,65,126,3396.46
15181,65,18,698.6800000000001
13792,65,13,195.55
17667,65,117,2055.51
12512,65,34,138.03
17957,65,31,111.68
13552,65,121,3940.61
16374,65,111,473.03000000000003
15276,65,52,135.31
18053,65,21,302.97
13989,65,41,1266.08
16059,65,180,1459.8600000000001
15127,65,16,406.53000000000003
16106,65,6,108.38
13483,65,10,140.34
12843,65,108,1723.76
15757,65,45,714.42
15730,65,73,1133.38
17382,64,2,65.4
17483,64,21,414.04
15244,64,34,631.57
12789,64,4,91.85000000000001
16040,64,65,1313.55
17222,64,28,354.15
16803,64,24,332.3
13947,64,5,90.60000000000001
16758,64,22,369.34000000000003
15048,64,98,387.53
17647,64,7,133.06
14054,64,6,92.46000000000001
14396,64,73,487.99
15762,64,37,583.75
18033,64,34,97.97
13845,64,9,312.98
15837,64,24,391.98
15416,64,193,3994.27
13177,64,17,282.45
14538,64,19,388.25
14317,64,24,508.58
13602,64,23,428.89
16895,64,69,219.14000000000001
13591,64,58,1117.13
15315,63,38,589.46
15306,63,58,1174.35
15518,63,220,1973.01
13504,63,22,295.93
14819,63,13,272.07
16316,63,156,3122.26
15264,63,23,393.74
16432,63,8,287.40000000000003
13771,63,120,2637.2
12939,63,47,11581.8
14518,63,16,174.37
13049,63,14,656.6800000000001
15937,63,7,145.35000000000002
12923,63,29,176.97
13023,63,40,689.9
15766,63,11,315.06
15300,63,28,496.44
13348,63,14,233.76000000000002
16842,63,64,1267.94
16184,63,46,1162.04
16909,63,19,394.14
16462,63,4,170.0
16160,63,22,1041.43
15841,63,50,1239.02
13279,63,11,149.20000000000002
17921,63,145,826.52
13055,63,78,1226.86
16875,63,123,2167.59
13317,63,135,2407.29
12703,63,22,292.40000000000003
14333,63,19,478.95
18194,63,9,1051.68
14501,63,12,312.11
14557,63,32,1576.76
15322,63,49,756.39
12394,63,27,1272.48
17030,63,11,146.87
12420,63,29,600.39
14792,63,4,12.4
14462,63,246,2042.14
12519,63,18,340.84000000000003
16477,63,146,2494.46
14067,63,52,374.7
13876,63,7,122.7
14844,63,130,3189.81
12740,63,27,427.6
13806,63,10,256.38
13169,63,13,712.88
16455,63,99,1841.18
15815,63,49,2100.6
13276,63,30,590.93
13419,63,16,221.06
15874,62,137,4481.09
13689,62,6,910.0
12885,62,72,1192.17
16354,62,39,395.8
14029,62,15,467.66
13763,62,17,1740.46
12492,62,20,263.21
18136,62,39,806.83
16104,61,29,302.36
13259,61,87,292.32
16248,61,7,152.94
16595,60,85,360.16
13260,60,8,557.62
15756,60,192,532.96
18088,60,39,167.67000000000002
16685,60,62,324.24
13193,60,29,117.88
16518,60,42,487.72
14801,60,59,193.14
16380,60,32,1780.59
14514,60,73,1055.35
16921,60,60,169.79
15193,60,19,499.32
14027,60,6,104.82
17025,60,9,357.77
17648,60,92,1805.45
16179,60,11,215.83
15304,60,26,708.5
13373,60,158,3312.25
13473,60,22,427.74
14665,60,117,2413.02
14128,60,46,637.5
18169,60,9,202.65
18126,60,56,206.82999999999998
16982,60,22,384.06
16395,60,210,1486.9
16776,59,76,388.28000000000003
16385,59,59,555.89
17214,59,104,1154.1200000000001
14201,59,39,806.84
15211,59,52,894.41
13980,59,11,200.14
14451,59,109,662.59
15128,59,111,1522.46
15553,59,56,437.23
15886,59,12,181.09
17284,59,294,1663.48
13224,59,109,2161.05
14529,59,229,620.04
13666,59,12,84.65
17589,59,253,2404.17
14356,59,38,735.52
16861,59,8,195.87
16136,59,37,709.38
12772,59,55,892.47
14857,59,61,1180.5900000000001
13283,59,7,93.66
15706,59,59,1119.31
13517,59,143,2147.77
17620,59,4,81.44
12530,59,68,1700.93
12824,59,25,397.12
16086,58,40,1123.47
17863,58,148,3160.0
13627,58,94,1652.92
16120,58,32,1324.14
16171,58,3,73.19999999999999
13690,58,9,172.25
12836,58,175,2612.86
15199,58,13,1268.7
14535,58,333,2887.29
14959,58,61,705.87
13359,58,24,447.86
17489,58,29,376.64
15840,58,28,365.46
15281,58,150,2424.35
18171,58,56,1254.1100000000001
15421,58,53,950.36
13208,58,150,1241.9
14541,58,111,1461.65
12908,58,4,1254.0
17064,58,62,859.35
13520,58,95,3760.95
17913,58,59,411.6
13842,58,206,3385.62
14642,58,2,96.12
12602,58,12,153.12
17190,58,20,639.74
12633,58,103,2187.33
14761,58,11,255.9
16203,58,36,596.65
15831,57,69,855.76
16753,57,34,223.92000000000002
14852,57,143,2836.69
13865,57,30,501.56
12457,57,68,2808.68
13464,57,41,674.68
18277,57,9,123.13
14775,57,60,1011.9
12607,57,202,3159.02
12667,57,33,620.13
13930,57,17,337.34
17724,57,45,1070.3500000000001
14537,57,10,355.56
17279,57,9,187.82999999999998
13487,57,34,575.4
12612,57,21,764.49
17509,57,369,6129.54
16770,57,146,795.3000000000001
13035,57,30,957.13
12876,57,85,2218.02
13827,57,93,412.05
12446,57,58,1002.31
15272,56,63,721.94
16121,56,212,867.11
14421,56,27,813.11
15606,56,91,3417.68
14624,56,13,225.85
12631,56,31,640.5
14975,56,11,279.94
15367,56,96,1887.49
16773,56,26,171.59
16430,56,6,300.85
17181,56,23,239.92000000000002
16793,56,16,243.84
13911,56,148,2580.91
18160,56,39,638.0600000000001
17614,56,100,390.07
13858,56,11,216.17000000000002
14555,56,21,324.14
14976,56,73,815.86
16224,56,96,1295.3
16239,56,21,455.5
16950,56,42,1178.56
14089,56,14,161.0
13213,56,92,1522.73
17771,56,54,245.81
16413,56,31,262.2
14937,56,35,1626.13
16081,55,227,2806.9
13006,55,4,81.57
17986,55,1,20.8
17180,55,131,811.68
17892,55,28,244.1
13814,55,58,1596.12
16206,54,63,537.0600000000001
16674,54,98,319.61
15440,54,62,383.68
13878,54,36,1281.53
13034,54,37,642.77
15994,54,35,427.07
16934,54,62,950.9300000000001
14780,54,27,447.68
15545,53,81,292.71999999999997
16052,53,34,362.06
13760,53,57,286.79
13875,53,104,1786.79
12475,53,36,723.38
14443,53,98,1439.52
15091,53,31,484.46
16542,53,5,119.62
16652,53,123,6893.68
18042,53,7,165.04999999999998
16563,53,19,1077.74
17201,53,40,342.63
17520,53,30,546.81
13750,53,24,1647.26
15012,53,128,423.04
17527,53,49,989.88
13923,53,20,351.13
17734,53,43,700.63
16412,53,35,151.83
17205,53,13,384.08
17534,53,9,223.36
15335,53,36,173.97
16737,52,1,417.6
13015,52,176,3346.28
14211,52,118,2273.9
17206,52,7,204.24
17785,52,13,131.94
16932,52,53,161.94
16363,52,5,109.36000000000001
14830,52,40,197.13
16389,52,35,1401.8700000000001
12794,52,45,860.41
17612,52,142,2104.14
13265,52,91,2107.66
14841,52,138,3295.76
12454,52,30,7056.68
17244,52,31,954.9
13919,52,33,419.46
17679,52,30,1992.1100000000001
15505,52,99,3724.7799999999997
15637,52,15,223.36
16848,52,14,281.42
15678,52,12,352.7
14015,52,20,917.34
16249,52,69,1800.0700000000002
13594,52,26,396.97
14798,52,12,173.74
16140,52,37,746.59
15327,52,10,208.75
14861,51,6,125.79
17262,51,12,1253.3600000000001
16515,51,113,1627.13
12611,51,65,1193.32
16940,51,305,3049.88
13637,51,101,810.5
12679,51,56,1167.3700000000001
16734,51,53,650.51
15140,51,81,2358.5
16730,51,84,783.43
12863,51,6,538.1999999999999
15604,51,17,216.39000000000001
12759,51,95,1531.44
13805,51,13,924.6
14639,51,175,3016.64
12360,51,129,2662.06
14381,51,56,202.68
13491,51,86,1215.82
16123,51,16,307.78
17148,51,9,124.88
14229,51,43,1643.8
17973,51,15,337.04
15610,51,6,112.46000000000001
15853,51,30,110.8
13849,51,101,1537.95
17934,51,21,704.25
12744,51,229,33438.19
16621,51,29,813.48
16131,51,78,3506.54
18019,51,5,38.45
16470,51,171,767.34
14107,51,124,2717.98
15220,51,119,1799.0
12596,50,27,618.27
14273,50,29,559.97
14306,50,35,2103.2200000000003
15826,50,69,1659.26
17462,50,28,688.44
14257,50,107,3112.17
14175,50,164,3336.54
13422,50,128,2651.05
16826,50,22,341.7
17824,50,13,298.4
14488,50,49,1081.1299999999999
12370,50,167,3545.69
15803,50,8,415.82000000000005
15006,50,144,502.09000000000003
14776,50,134,2881.02
14799,50,13,157.7
16170,50,127,1889.68
13669,50,9,218.55
16260,50,18,1035.45
15301,50,247,5112.58
14261,50,52,1163.45
14638,50,16,443.6
17354,50,16,1393.06
17007,50,53,902.4300000000001
15664,50,19,414.23
17764,50,75,818.82
14631,50,41,1006.98
13245,50,16,430.5
15754,50,29,461.47
14923,50,44,749.1
18149,50,16,612.0799999999999
14495,50,6,123.80000000000001
16593,50,27,330.03
18252,50,98,526.67
16177,49,15,331.95
12556,49,121,603.71
16099,49,39,731.9
13366,49,1,56.16
15587,49,9,913.6800000000001
16846,49,11,214.32
13761,49,70,1070.65
15807,49,48,903.9
14484,49,14,321.92
14427,49,17,363.34000000000003
13897,49,17,311.16
15565,49,8,173.16000000000003
13573,49,26,294.4
14585,49,29,157.05
15129,49,84,3447.4
17125,49,40,259.35
15121,49,28,457.71999999999997
17420,49,30,598.83
13519,49,9,134.7
17571,49,299,1498.51
13136,49,139,2669.84
17169,49,60,854.6800000000001
16394,49,100,1698.6200000000001
15620,49,104,1581.96
17603,49,15,1954.74
18228,49,32,790.6
17092,49,125,1777.78
13917,49,18,272.04
13725,49,118,2151.31
12407,49,77,1708.12
16153,49,89,1824.23
16497,49,136,2965.69
12403,49,6,445.7
14967,49,6,463.8
15286,49,3,240.55
17832,49,61,155.37
13918,49,30,1212.8400000000001
16918,49,130,1094.3
17940,48,23,6229.3
14147,48,6,498.4
13157,48,89,1760.87
15321,48,106,2845.89
15728,48,4,134.8
15740,48,9,154.88
13974,48,28,413.59000000000003
15819,48,123,1905.45
15677,48,33,657.23
17361,48,29,488.2
16768,47,58,498.14
16007,47,385,1701.94
15000,47,77,490.52
14800,47,392,4443.14
16017,46,32,211.88
16686,46,588,3082.18
13598,46,41,192.92000000000002
14731,46,45,380.02
17111,46,30,248.60999999999999
14504,46,107,673.26
17836,46,24,110.21
15592,46,24,388.58
14312,46,87,1611.5900000000001
15277,46,12,255.9
14019,46,68,1444.26
16491,46,39,731.5
17186,46,2,144.0
16742,46,4,929.8
12546,46,70,1181.5
14145,46,12,4336.2
15142,45,26,498.74
17344,45,32,160.57
18240,45,6,422.58000000000004
14997,45,27,551.42
14139,45,26,415.82
12463,45,88,1385.93
14952,45,149,8286.19
16444,45,86,670.57
15801,45,69,1085.71
12940,45,103,950.79
17004,45,44,1412.94
15806,45,31,784.58
16728,45,269,1054.67
15068,45,104,553.36
13165,45,42,1021.4799999999999
15844,45,11,130.73999999999998
13176,45,72,492.84
16023,45,101,719.81
17317,45,11,2676.66
13652,45,63,1095.08
13481,45,112,1832.31
12398,45,85,1635.6599999999999
14001,45,40,2055.83
18147,45,7,179.34
16708,45,27,656.63
18045,44,47,189.4
13340,44,134,10736.48
17917,44,94,341.28
16258,44,135,5203.51
13182,44,11,121.18
17024,44,3,95.85
17928,44,23,212.54000000000002
15158,44,7,401.40000000000003
16110,44,354,1337.48
15656,44,47,748.5
16056,44,68,664.85
18079,44,127,3651.97
15630,44,61,1192.3
15836,44,12,157.26999999999998
14341,44,130,2198.18
17423,44,28,733.19
13601,44,99,693.32
16225,44,134,1096.32
15240,44,83,1727.57
12812,44,15,229.64000000000001
12371,44,63,1887.96
15516,44,15,62.43000000000001
16071,44,21,326.24
16208,44,66,664.26
16454,44,3,21.950000000000003
14754,44,41,638.0500000000001
16188,44,67,981.86
12879,44,12,593.87
15215,44,43,853.89
17712,44,29,522.91
16418,44,102,675.27
17470,44,78,1125.07
16750,44,95,623.9300000000001
14598,43,50,221.97
15320,43,36,267.13
16415,43,54,210.35
12448,43,22,449.45
12456,43,129,3208.19
13107,43,60,1539.17
17175,43,64,1456.44
14690,43,54,384.79
15835,43,50,954.09
15821,43,62,570.96
15990,43,52,792.11
16345,43,38,575.41
16325,43,20,677.94
15296,43,200,3735.4100000000003
14379,43,46,348.1
17895,43,16,98.0
13416,43,19,712.5
15659,43,11,306.45
14233,43,36,1477.93
15791,43,76,1620.94
14764,43,7,306.05
15786,43,280,5030.2
17672,43,115,3249.7200000000003
16690,43,13,242.53
17684,43,15,239.41
17878,43,26,379.45
14752,43,5,389.64000000000004
17414,43,6,778.0
14474,42,30,557.61
17459,42,111,657.3
16847,42,12,193.44
16026,42,32,236.09
17545,42,145,645.96
13791,42,17,1984.32
14239,42,116,2438.2000000000003
14004,42,171,4582.64
15038,42,133,745.39
12430,42,11,256.4
18261,42,21,324.24
14357,42,41,225.77
13654,42,166,2707.33
13538,42,25,1280.85
15288,42,88,2306.52
14716,42,55,329.68
16680,42,10,183.7
15469,42,27,572.6
15014,42,35,260.17
17669,42,68,3406.7200000000003
16843,42,379,10209.32
18287,42,70,1837.28
14218,42,12,169.48000000000002
15096,42,11,219.39000000000001
12432,42,108,5059.32
14498,42,193,1957.32
17552,42,51,950.86
17418,41,30,463.46000000000004
12678,41,167,17668.66
16102,41,57,1842.14
14221,41,194,3437.75
12895,41,24,398.3
13812,41,36,539.0
17837,41,172,1626.23
17272,41,116,2152.73
17839,41,56,338.8
15708,40,297,3398.76
16235,40,48,876.21
15370,40,95,2411.55
16601,40,31,244.8
14810,40,255,2087.88
15860,40,142,977.21
15059,40,239,1349.6200000000001
17372,40,253,1342.68
17018,40,16,920.1
13278,40,46,542.73
14582,40,6,114.11
13566,40,176,874.71
14179,40,165,719.78
17255,40,78,298.41
17609,40,238,1120.52
13524,40,27,680.1800000000001
14077,40,42,499.42
14040,40,241,3687.65
15865,40,40,895.13
15748,39,21,149.31
16049,39,312,1111.79
13617,39,44,544.18
17447,39,36,541.53
15478,39,46,1441.42
13421,39,105,1853.18
17213,39,164,2821.38
15376,39,117,1233.36
14158,39,41,507.65999999999997
15385,39,12,316.88000000000005
17373,39,57,646.92
17796,39,82,697.9
14295,39,7,177.70000000000002
18067,39,37,396.33
16190,39,6,215.07999999999998
15669,39,35,690.99
13607,39,98,678.01
12581,39,15,197.71
15360,39,13,427.93
13103,39,8,243.94
16836,39,11,251.87
12571,39,34,519.61
13813,39,71,1380.31
15667,39,13,301.32
15752,39,412,2645.83
13186,39,84,1612.0900000000001
13544,39,87,291.41
14808,39,256,3306.97
17951,39,21,1026.24
12909,39,96,2228.51
13145,39,7,622.27
14738,38,56,1338.96
16969,38,42,650.41
15974,38,177,3454.75
16127,38,40,656.25
17396,38,27,7330.8
16018,38,28,408.9
14167,38,52,574.84
18257,38,123,2409.88
12588,38,10,214.89999999999998
12522,38,12,192.72
13982,38,115,1882.51
17733,38,35,692.19
13461,38,27,1445.0
13697,38,12,151.3
16150,38,136,2199.9700000000003
17166,38,14,223.19
14345,38,6,108.98
16648,38,21,310.46
13032,38,75,1023.84
18226,38,245,5264.0
12552,38,20,437.82
13292,38,31,578.94
13327,38,109,3637.9700000000003
16029,38,274,111057.07
13726,38,42,1079.6599999999999
16960,38,101,507.05
16830,38,23,325.91
14995,38,61,233.23000000000002
16825,38,28,775.1800000000001
12491,38,26,460.40000000000003
14485,38,47,165.75
15018,38,32,536.16
17696,37,126,2370.37
18270,37,13,327.35
15423,37,2,43.5
15847,37,22,389.27
14383,37,59,1247.69
17965,37,329,2622.57
15065,37,158,3180.28
17966,37,68,1098.43
17719,37,278,5424.28
16308,37,4,2560.0
16884,37,26,429.84
12830,37,39,6880.88
15576,37,45,940.67
13477,37,81,1467.63
18105,37,18,113.48
12594,37,119,3356.2200000000003
16043,37,39,773.99
17800,36,104,1199.01
14974,36,21,114.39
17947,36,9,176.68
16367,36,130,804.49
13316,36,88,6139.97
13904,36,26,332.64
16706,36,123,531.35
18104,36,38,754.64
13271,36,101,256.5
17999,36,93,382.06
14528,36,18,364.21999999999997
15651,36,32,646.3
16337,36,10,151.05
12808,36,28,483.65
14098,36,21,147.35
13636,36,64,956.62
13728,36,63,1016.14
17816,36,17,36.56
14815,36,53,778.5
16221,36,97,864.86
16841,36,117,1965.02
15227,36,58,1219.4
15551,36,29,436.06
15998,36,509,3095.77
13168,35,133,1328.24
13925,35,45,739.85
17634,35,297,2361.9700000000003
18205,35,32,517.36
15252,35,44,740.78
15521,35,200,3425.75
13721,35,28,524.14
15605,35,67,1198.23
12352,35,95,3466.67
15612,35,6,195.15
14856,35,66,1311.3799999999999
17403,35,33,281.62
16914,35,38,208.46
14636,35,28,609.85
18081,35,17,343.45
16409,35,232,2028.88
17076,35,25,841.0799999999999
17351,35,27,587.15
16729,35,668,7403.56
17078,35,28,378.2
14913,35,87,1227.43
13592,35,16,247.96
12397,35,126,2409.9
14150,35,26,658.64
12576,35,89,1324.68
17930,35,39,1740.48
12944,35,30,604.51
16014,35,148,671.63
15722,35,72,2263.91
12431,35,240,6558.51
15809,35,43,632.33
17979,35,147,777.61
17203,35,152,3563.85
18035,35,53,730.4
15010,35,20,308.94
18022,35,191,668.11
17193,35,35,1724.14
15329,34,62,1093.9
16318,34,19,328.15
14842,34,158,3192.58
15468,34,29,496.56
14412,34,45,778.73
15598,34,16,245.68
17274,34,27,111.98
15345,34,23,419.39
16012,34,94,1415.29
12577,34,148,720.2
14567,34,34,1536.26
17233,34,25,190.88
16887,34,37,194.88
12928,34,84,2062.7
16555,34,17,285.89
15707,34,214,945.58
13938,34,7,71.66
17084,34,162,2949.75
13651,34,6,94.2
17703,34,55,798.74
14592,34,164,570.46
14971,34,160,1116.57
15017,33,20,125.58
15952,33,91,806.57
16466,33,148,1603.46
13772,33,177,1132.13
15407,33,153,1056.44
16676,33,92,1625.52
13527,33,224,2311.26
12838,33,123,683.13
13532,33,66,210.31
14404,33,104,1513.92
16243,33,51,409.09999999999997
16445,33,63,230.51
12645,33,74,1794.98
17608,32,59,193.42
16372,32,97,367.93
12638,32,39,671.69
14174,32,26,134.46
16771,32,255,2246.81
13634,32,188,1575.16
16488,32,31,505.4
14039,32,6,152.2
15696,32,177,2828.46
14517,32,18,330.45
15427,32,306,1483.14
18170,32,38,980.3100000000001
13759,32,25,659.41
15526,32,4,148.44
17831,32,2,35.400000000000006
13523,32,177,4174.38
17082,32,81,2003.8500000000001
15025,32,72,377.01
13155,32,85,971.76
16357,32,34,658.88
12357,32,131,6207.67
16612,32,66,1187.66
15618,32,49,806.671
17107,32,421,11250.43
17164,32,145,2468.3
17430,32,14,265.76
17761,32,19,712.78
13097,32,437,6127.52
15870,32,76,354.09
14080,32,4,45.599999999999994
16232,32,38,998.53
16053,32,84,1511.95
15522,32,57,398.84000000000003
17623,32,33,527.0500000000001
12484,32,350,4588.17
15493,32,299,2036.3500000000001
14387,32,140,1770.56
15719,32,938,5047.26
12408,32,113,2934.53
13824,32,46,1698.94
13993,31,125,3523.06
16362,31,90,817.47
16637,31,72,1184.35
18016,31,123,1483.56
12832,31,27,383.03000000000003
14623,31,135,909.15
13717,31,103,1457.76
18036,31,96,405.62
14700,31,115,2235.3
17158,31,67,1266.97
17043,31,102,1735.18
16348,31,235,1469.45
13324,31,77,7171.1
18150,31,37,566.58
14929,31,11,223.88
15330,31,13,714.9599999999999
13710,31,8,180.48
14360,31,118,2128.23
15763,31,63,1125.17
16187,31,297,6981.64
16732,31,28,603.75
15066,31,53,1026.59
14050,31,54,746.36
17886,31,109,899.61
13329,31,19,837.5999999999999
17964,31,104,471.7
13587,31,11,1077.8
16253,31,124,3702.1
17219,31,25,114.23
15573,31,104,607.45
15249,31,358,6719.56
17289,31,112,952.66
13047,31,196,3395.98
12721,31,164,2683.28
16505,31,4,777.6
15957,31,42,428.89
14232,31,118,2052.21
14524,31,203,1867.68
17637,30,35,547.0600000000001
12990,30,13,409.5
15356,30,519,2766.5
13975,30,340,2549.33
17633,30,72,1407.3400000000001
14676,30,44,2553.2400000000002
12613,30,163,3469.78
12849,30,51,1050.89
16618,30,97,2664.54
13272,30,15,276.56
17515,30,87,639.02
17160,30,229,3518.03
15043,30,3,537.0
13695,30,90,2504.13
16837,30,166,3174.23
13110,30,146,1524.47
18177,30,75,1368.67
15103,30,35,703.36
13643,30,28,519.44
13867,30,61,1015.29
16284,30,109,823.97
16602,30,32,561.4300000000001
15513,30,314,14996.36
18216,30,26,481.75
15153,30,22,329.25
17022,30,7,71.0
18164,30,25,404.6
15275,30,42,621.09
14284,30,34,612.05
13046,30,35,629.3100000000001
13029,30,10,1247.5
16205,30,98,761.38
16767,30,222,5580.6
15027,30,37,1080.35
14214,30,70,1008.53
14108,30,35,601.66
16751,30,25,1764.72
13384,30,155,4181.58
12949,30,219,4191.42
12472,30,391,6914.74
16880,30,178,1519.08
13623,30,86,823.12
17865,30,389,10894.1
16041,30,6,3166.4
14691,30,71,2114.33
13804,30,137,2635.79
12893,30,34,188.14
14921,29,78,1316.07
17011,29,15,270.9
14240,29,42,890.34
12532,29,16,349.83
17038,29,22,112.4
13209,29,329,5963.06
14968,29,37,147.59
17867,29,81,1771.4500000000003
15485,29,86,2575.0
16516,29,6,101.69999999999999
15114,29,197,2760.56
13522,29,5,125.80000000000001
17690,29,258,4767.45
15986,29,14,168.12
13992,29,5,76.8
16953,29,1,20.8
17702,29,80,1929.02
16996,29,41,1486.46
15450,29,30,429.84
18236,29,49,882.24
14944,29,172,5957.55
12708,29,174,2809.5
16003,29,103,2735.37
16218,29,90,3114.4900000000002
17197,29,29,1013.01
12541,29,52,981.18
17537,29,75,897.62
13983,29,112,2616.4
12544,29,20,389.7
16025,29,28,439.65999999999997
15597,29,23,333.42
12659,29,5,91.67999999999999
16986,29,3,1873.2
12981,29,20,372.22
15785,29,87,2354.19
17791,29,10,106.1
15452,29,58,538.73
17059,29,516,3095.04
18125,29,197,1144.64
16628,29,119,2193.06
17416,29,271,6948.5
15463,28,7,126.14
14712,28,25,917.07
17573,28,26,398.3
16743,28,193,2284.34
14064,28,82,1519.16
18217,28,31,621.75
17977,28,21,288.14
12844,28,52,325.96000000000004
12599,28,62,1032.58
15830,28,41,604.3
15184,28,63,406.76
15355,28,14,277.05
12473,28,179,5028.87
15289,28,59,944.46
14466,28,72,2272.4
17653,28,50,1239.24
16434,28,109,1522.25
15238,28,52,1087.44
12617,28,42,355.53
17442,28,140,2286.86
14863,28,11,266.76
16863,28,28,524.25
13148,28,347,4065.76
16903,28,60,373.24
16126,28,117,6287.77
14829,28,45,750.45
15111,28,84,1567.48
17109,28,121,900.4
12538,28,21,363.95
13460,28,17,183.44
17901,28,19,110.38
13606,28,43,280.54
13817,28,24,382.98
16907,28,151,981.65
14748,28,92,1519.71
16791,28,322,1737.28
18135,28,20,681.91
17932,28,90,1331.57
14765,28,39,254.11
13810,28,36,2098.51
12384,28,30,604.38
14789,28,6,197.64000000000001
13727,28,20,333.48
14035,28,66,1428.02
12589,28,35,646.68
12600,28,65,2617.04
17015,28,217,1842.56
17295,28,69,556.95
14226,28,73,2262.7400000000002
17162,28,105,1723.71
18209,28,8,139.10000000000002
17512,28,106,2929.94
14662,28,168,771.17
16386,28,88,317.2
15557,28,20,473.65000000000003
17054,27,84,1358.83
15608,27,60,1093.68
12726,27,124,2609.1
16671,27,6,1692.27
16460,27,135,814.72
12685,27,157,2863.08
12517,27,286,2540.79
16433,27,17,184.26
15692,27,12,191.04
16332,27,154,1603.2
17088,27,115,1991.01
17052,27,92,413.75
12480,27,154,3281.63
15492,27,35,659.46
13557,27,34,584.06
18014,27,32,166.42
13732,27,33,491.86
12691,27,32,1035.8
17191,27,237,2095.13
17069,27,154,2764.18
17041,26,71,1097.3700000000001
17790,26,190,1965.55
17838,26,137,3245.9
15599,26,52,761.74
13892,26,27,632.97
14661,26,4,107.95
13450,26,71,2043.72
17211,26,213,2334.77
14044,26,209,652.82
14487,26,145,1209.08
13170,26,32,116.00999999999999
15429,26,83,429.8
13984,26,17,1352.99
14882,26,11,589.7
16416,26,73,1075.81
13700,25,197,2265.12
14499,25,194,815.32
17287,25,124,1064.11
14784,25,15,289.99
13379,25,97,572.56
12865,25,96,1588.39
16726,25,185,1382.02
15787,25,206,948.05
15449,25,62,977.82
17720,25,50,1195.94
15411,25,100,1371.38
13146,25,17,228.91
12867,25,551,4087.42
12508,25,69,398.27
16898,25,163,573.16
14227,25,183,3386.21
13603,25,27,164.34
13451,25,444,3035.85
18069,25,472,2051.52
16930,25,54,380.55
13178,25,265,5725.47
14382,25,131,626.07
16720,25,27,155.24
18211,25,42,600.07
15203,25,142,1827.8
12428,25,300,8035.72
15365,25,151,3298.19
12689,25,72,1247.61
17663,25,90,1817.5500000000002
13549,25,52,920.2800000000001
14494,25,7,139.56
14862,25,48,841.2
14530,25,216,2925.91
16303,25,167,5415.43
15291,25,109,4740.09
16936,25,57,262.68
12938,25,9,114.14
15168,25,5,106.56
14684,25,421,1236.28
17538,25,9,98.42
18082,25,73,703.37
18117,25,74,320.71999999999997
15863,25,18,68.84
17652,24,270,4998.31
17081,24,64,290.16
15458,24,7,161.64
15839,24,65,1076.24
16747,24,45,845.16
16639,24,52,1345.64
16207,24,19,394.38
15125,24,140,11939.91
17793,24,58,323.04
15532,24,263,1644.78
15781,24,21,357.36
15058,24,276,2124.99
14953,24,55,289.82
12642,24,47,1013.26
16504,24,86,484.38
13577,24,85,1716.9
13835,24,55,834.57
12374,24,33,742.93
16519,24,13,215.08
16478,24,17,331.0
17235,24,29,550.06
15050,24,80,1837.01
15660,24,94,1649.71
14680,24,320,30575.88
15981,24,97,3408.48
16878,24,6,26.6
16341,24,84,1984.3600000000001
16423,24,18,346.12
15419,24,8,135.86
12883,24,42,703.47
17314,24,136,2541.08
15582,24,44,682.9100000000001
17510,24,20,308.48
15758,24,9,205.25
13632,24,147,2125.52
13735,24,208,3004.3
13692,24,55,1509.77
13455,24,53,1109.33
17974,24,179,740.79
17777,24,194,665.86
14533,24,65,2086.82
13846,24,58,882.51
15524,24,1,440.0
14715,24,71,867.38
12676,24,45,1331.39
18259,24,42,2338.6
14725,24,52,718.08
13058,24,8,271.4
18043,24,121,559.51
13236,24,39,762.4300000000001
14666,23,14,195.25
14714,23,10,160.19
14522,23,17,974.54
17564,23,49,454.01
13066,23,49,510.7
17153,23,14,213.78
17220,23,472,3198.25
17521,23,46,724.46
16557,23,11,281.85
15955,23,185,4442.71
12415,23,778,126103.61
18123,23,36,589.4399999999999
13614,23,201,1610.46
15720,23,128,598.73
14544,23,114,2024.45
18181,23,44,382.8
15556,23,31,279.77
15679,23,110,781.28
17357,23,45,388.14
12933,23,107,608.78
12890,23,82,380.46999999999997
13449,23,19,291.88
13816,23,33,588.3000000000001
15269,23,2,408.8
17549,23,6,148.86
16245,23,93,1474.96
16008,23,33,478.78000000000003
14057,23,291,6288.5199999999995
14286,23,285,4661.69
17198,23,96,692.22
15584,23,125,727.61
15110,23,40,1021.95
17377,23,419,4275.92
18246,23,4,596.1
12640,23,53,1174.58
12731,23,277,18998.41
16855,23,19,328.40000000000003
16916,23,143,576.26
15900,23,51,351.11
14507,23,98,1398.18
16469,23,182,650.4300000000001
16669,23,161,1378.8700000000001
17680,23,11,184.4
13575,22,46,732.07
13926,22,11,223.85000000000002
13285,22,187,2709.12
13629,22,59,7792.36
13131,22,46,1107.3
16085,22,167,981.51
13939,22,46,580.35
13447,22,62,1154.05
16204,22,57,405.71
14109,22,14,208.2
16999,22,23,484.82
17896,22,2,256.32
17596,22,270,2827.93
14851,22,28,511.35
12910,22,75,3075.04
14898,22,119,1378.72
18075,22,153,2684.78
17368,22,128,2475.82
12991,22,31,503.76
13500,22,67,1196.77
15051,22,143,1391.61
15967,22,84,418.83
16809,22,150,916.64
12993,22,27,414.76
16912,22,105,2622.09
12626,22,307,6852.61
16278,22,25,594.9300000000001
18263,22,62,1215.24
12500,22,65,4309.37
15432,22,10,171.19
15805,22,307,5604.79
16804,22,60,536.99
18006,22,22,444.68
14948,22,64,1137.3700000000001
12481,22,218,5601.78
12356,22,59,2811.43
15489,22,55,1178.53
17330,22,6,363.9
12712,22,142,4550.63
13308,22,57,1403.41
12610,22,111,2141.09
12477,22,308,13322.47
15124,22,15,184.19
17461,22,111,757.46
13871,22,338,6416.7
17613,22,319,4608.93
12567,22,463,9687.62
16638,22,95,1684.97
13028,22,47,662.96
15529,22,674,4022.68
14332,22,26,866.3100000000001
16298,22,27,598.2
17716,22,254,5806.1900000000005
16869,22,129,845.22
15506,22,164,979.26
15657,22,1,30.0
14112,22,173,3056.13
17147,22,85,1749.54
16186,22,219,4021.94
12647,21,128,3775.72
17080,21,9,289.74
13160,21,4,91.8
12847,21,91,871.54
17797,21,111,780.43
12539,21,274,7284.2
15864,21,24,2102.86
13894,21,30,593.27
12449,21,191,4067.29
14034,21,92,791.62
17397,21,92,696.41
13815,21,177,4039.81
17985,21,23,634.95
18221,21,65,1049.91
16656,21,80,8683.36
14362,21,41,161.2
17799,21,410,3085.78
14416,21,14,490.22
15287,21,21,488.14
12997,21,67,1255.84
16070,21,33,852.15
15267,21,11,1717.36
13828,21,15,209.49
16531,21,77,1244.59
15435,21,29,149.29
17095,21,77,1560.1200000000001
13313,21,78,1555.3200000000002
16009,21,90,992.71
13138,21,63,962.39
15081,21,35,522.25
15983,21,113,1475.02
16042,21,75,1247.17
14234,21,159,775.46
12445,21,4,133.4
12406,21,108,3549.85
16871,21,139,2863.19
14508,21,57,276.42
13962,21,11,169.55
14434,21,12,1372.8
17163,21,5,293.1
16414,21,7,126.25
13396,21,47,1396.69
13941,21,47,5313.51
16134,21,38,632.49
16511,21,169,950.26
12603,21,3,739.1999999999999
14641,21,7,110.46000000000001
17159,21,102,1543.03
17760,21,25,287.59
14849,21,392,7956.8
12618,21,11,177.31
18061,21,46,2119.41
12380,21,105,2729.06
16945,21,249,4345.5
13117,21,76,984.91
12391,21,100,460.89
18034,21,112,422.88
15530,21,108,1502.35
12931,21,102,50649.11
17286,21,45,153.92
14593,21,152,617.99
12498,20,23,403.70000000000005
16924,20,89,954.0
15933,20,74,1107.46
15088,20,60,1179.8700000000001
13516,20,44,1389.41
14342,20,24,729.4100000000001
12444,20,177,5005.46
12578,20,120,2835.66
17301,20,66,197.63
13880,20,165,3219.77
17904,20,39,204.42000000000002
16463,20,85,1461.1000000000001
13094,20,30,2145.78
17779,20,84,674.97
15368,20,4,446.94000000000005
14285,20,27,1910.01
15494,20,125,1299.23
17650,20,8,166.07999999999998
16279,20,109,1522.48
13960,20,12,230.22
14315,20,104,2505.28
14820,20,29,507.29
12781,20,30,945.76
16350,20,60,1132.47
14903,20,364,2876.78
14073,20,14,162.54
12697,20,43,976.16
13091,20,24,371.82
17961,20,249,1296.44
13381,20,173,3651.81
18276,20,16,348.36
16560,20,58,866.31
14902,20,24,351.21
12779,20,159,4094.02
17621,20,27,1423.7
13895,20,119,2598.02
15465,19,104,7764.219999999999
13988,19,239,4197.12
14116,19,72,1382.74
12702,19,12,219.0
14664,19,99,637.89
17387,19,78,784.11
14881,19,17,255.4
14477,19,11,1311.39
15919,19,143,639.89
12540,19,481,13491.44
14157,19,49,465.33000000000004
15963,19,28,470.76
12778,19,51,840.23
16762,19,89,1501.38
14502,19,631,2590.32
16464,19,236,1314.68
14595,19,102,1740.6000000000001
16506,19,3,90.30000000000001
16784,19,3,107.6
17555,19,106,483.26
15906,19,151,1613.59
14052,19,56,225.36
14159,19,1212,4707.72
13118,19,82,1270.6200000000001
17561,18,46,167.62
18110,18,49,266.55
16212,18,43,699.49
13427,18,29,582.6
16533,18,181,1164.18
14359,18,58,941.78
14553,18,113,859.27
15044,18,461,7771.08
15988,18,27,158.03
16411,18,45,214.65
12597,18,214,3939.31
16666,18,32,118.97999999999999
18127,18,47,348.73
15850,18,97,238.85
18040,18,19,357.20000000000005
14984,18,41,213.27
13565,18,38,240.22
17758,18,412,3456.7
16710,18,402,2483.04
17738,18,99,1894.75
17425,18,43,759.1700000000001
13200,18,46,870.09
15533,18,86,868.22
15426,18,300,1464.8799999999999
17384,18,15,336.4
13142,18,23,307.09000000000003
16399,18,73,408.57
18080,18,2,1231.5
13430,18,54,710.21
16366,18,18,327.3
15738,18,176,4836.07
14447,18,70,1163.23
16139,18,31,635.4100000000001
14300,18,3,43.2
12349,18,73,1757.55
17888,18,81,926.3199999999999
13823,18,40,957.6600000000001
12658,18,36,686.05
14883,18,54,766.54
12795,18,14,430.48
13189,18,29,260.68
15567,18,7,186.01
17227,18,47,939.32
17664,18,43,604.64
14587,18,384,1604.04
14426,18,264,5044.44
15645,18,52,612.01
16406,18,63,163.07
14449,18,258,907.1
13673,18,65,396.92
15527,18,166,2510.7400000000002
15857,18,14,297.0
13167,18,65,791.33
16713,18,632,7006.03
12984,18,4,97.5
15671,18,81,2678.77
15179,17,95,2227.7
17253,17,18,178.26
15093,17,112,4783.9
15163,17,29,304.47
14482,17,144,2068.15
15681,17,67,1905.96
13739,17,3,216.9
14551,17,10,186.23
17625,17,315,2047.0
12878,17,49,868.34
12904,17,72,509.58
15115,17,21,340.11
13282,17,40,1216.44
12504,17,15,850.0999999999999
15406,17,58,594.81
13862,17,142,2231.41
16369,17,118,1553.66
17100,17,65,971.74
14030,17,243,2360.09
13246,17,143,2052.5
15105,17,101,2298.93
15132,17,52,977.9300000000001
17432,17,48,365.76
15699,17,18,309.65
13403,17,3,75.0
16311,17,37,616.26
14297,17,64,1326.6
15106,17,102,1437.31
13456,17,65,1795.6200000000001
17313,17,28,2369.5499999999997
16107,17,31,3204.1600000000003
17453,17,19,486.72
15845,17,140,3772.67
17600,17,13,161.67
16748,17,69,1515.9
18274,17,22,351.84
16607,17,174,3656.75
14834,17,70,1742.25
16352,17,28,494.44
17324,17,50,990.23
13247,17,25,501.12
16532,17,4,6748.8
13681,17,57,827.83
16128,17,89,1880.22
13499,17,45,1171.26
16365,17,51,1540.42
16655,17,261,3794.52
14515,17,101,2102.09
17073,17,174,1446.09
14424,17,1,322.08
13268,17,447,3261.74
15497,17,16,1264.7
17075,17,80,854.47
16330,17,41,261.61
15116,17,45,1352.75
13832,17,4,63.45
17155,17,20,251.7
13363,17,60,992.5
14657,17,127,858.17
14467,17,90,598.76
15971,17,35,4199.85
15150,16,344,5324.97
14768,16,6,245.70000000000002
14506,16,316,2012.17
13569,16,85,373.75
17360,16,132,585.79
16722,16,228,4750.41
15977,16,65,1054.73
17371,16,87,423.89
16985,16,121,5466.62
16633,16,153,2888.05
12656,16,130,4119.62
16422,16,399,35563.11
13322,16,25,199.48
17338,16,757,6675.68
17500,16,5,1138.0
12474,16,457,7635.110000000001
13488,16,427,9026.01
17297,16,51,131.78
13986,16,13,320.46
16164,16,35,842.4300000000001
12920,16,28,164.23
18249,16,8,95.34
13940,16,49,839.14
15811,16,139,2265.92
14505,16,803,5992.58
17759,16,95,834.99
18139,16,162,8483.46
12586,16,12,213.94
15634,16,15,243.55
12775,16,67,1420.84
17519,16,83,1848.97
15965,16,122,845.64
12483,16,81,2642.83
16261,16,124,746.83
12936,16,63,1114.9
15949,16,19,364.72
14020,16,39,642.8
14790,16,46,745.0600000000001
16670,16,262,4169.34
16185,16,31,529.41
14334,16,163,2564.96
12452,16,23,432.57000000000005
13502,16,18,292.0
17010,16,12,205.26
13742,16,323,3159.62
16020,16,46,851.01
17685,16,130,3191.53
14336,16,90,1614.91
17700,16,146,2560.39
16066,16,102,1521.87
14049,16,505,5724.29
13650,16,98,1863.3400000000001
14912,16,28,894.18
13448,16,199,3613.07
15727,16,302,5178.96
14581,16,17,138.6
16255,16,274,2630.52
15901,16,116,363.88
16079,16,21,1352.0
14744,15,28,1111.43
14675,15,102,604.75
17809,15,64,6196.2
17469,15,90,1898.88
17422,15,135,2105.61
13018,15,459,7282.65
13899,15,19,388.52
17463,15,219,1911.46
14335,15,63,468.26
15916,15,160,1564.94
14099,15,252,3115.37
13139,15,174,5074.09
18084,15,2,93.43
13174,15,314,2817.03
16653,15,76,1258.4
12619,15,95,4067.67
16660,15,17,1724.85
17034,15,32,756.47
13831,15,74,2202.99
17410,15,64,1214.72
15253,15,55,921.1
13350,15,43,1047.52
17725,15,198,3507.03
15398,15,74,1351.43
15393,15,12,231.86
17135,15,52,1139.73
12557,15,33,11990.960000000001
12948,15,118,2076.2
15743,15,88,784.46
16343,15,47,370.48
15594,15,104,1776.03
12421,15,46,807.8100000000001
13277,15,8,258.4
15270,15,48,2460.7799999999997
14539,15,32,537.48
15632,15,177,3423.31
14987,15,4,326.4
16596,15,12,250.15
17139,15,487,10751.37
17228,15,208,1906.09
14607,15,114,21797.9
13638,15,8,122.64
13588,15,180,2512.78
15482,15,127,15541.199999999999
16173,15,87,1430.07
14640,15,113,2208.01
14410,15,287,1633.84
16157,15,19,669.14
16189,15,11,215.48
15034,15,400,4339.56
12395,15,159,3038.98
17671,15,61,1861.34
15005,15,1160,6452.65
17133,15,27,4892.240000000001
12757,15,377,11486.5
12388,15,100,2780.6600000000003
16482,15,18,220.62
16824,15,26,460.64
15502,15,252,15228.4
15858,15,191,1438.85
17458,14,54,316.5
12705,14,348,6922.34
17975,14,297,4584.01
16609,14,280,5535.96
16885,14,101,471.51
14591,14,197,1447.14
13995,14,87,1403.89
17767,14,21,271.2
15725,14,32,415.25
13207,14,8,250.26000000000002
14277,14,228,4475.4
17345,14,87,537.74
12937,14,120,1504.27
17247,14,55,282.19
13719,14,60,1041.68
18184,14,1,49.8
15953,14,103,1684.23
14709,14,197,4930.9400000000005
14805,14,47,554.65
16616,14,33,500.42
16566,14,19,615.3100000000001
18188,14,72,2003.59
17516,14,137,768.08
15428,14,6,93.78
17323,14,204,933.15
16668,14,20,306.72
14756,14,38,738.96
15117,14,80,1553.43
13579,14,23,467.04
15134,14,73,1387.99
16856,14,2,35.400000000000006
14703,14,22,318.17
16719,14,203,1806.92
17302,14,81,1151.33
12620,14,92,1339.41
17624,14,50,843.48
15382,14,306,5983.56
17385,14,47,261.11
18172,14,197,7633.1900000000005
12531,14,17,125.22
15737,14,81,1289.03
17348,14,215,1159.52
12681,14,646,13897.49
13978,14,15,196.79
15872,14,128,360.93
13525,14,6,628.78
13184,14,183,1753.79
13589,14,21,379.65
14966,14,38,191.32
17557,13,34,541.46
13149,13,86,1676.06
13048,13,137,1865.91
16327,13,319,3844.22
16814,13,325,6517.6
12438,13,98,2906.85
13332,13,21,350.90000000000003
14946,13,3,100.9
14111,13,11,697.1
13437,13,167,3408.06
17562,13,64,1137.38
17329,13,33,523.11
14710,13,139,606.13
15186,13,19,411.41
15473,13,14,2077.2
13256,13,1,0.0
17813,13,378,1827.16
13232,12,207,1357.6
13571,12,341,2092.32
16407,12,172,2126.93
14878,12,124,1485.54
17864,12,102,597.5
14859,12,59,1355.44
17769,12,313,4035.33
18145,12,221,2861.55
17812,12,141,732.16
13782,12,115,912.0
17236,12,105,916.13
16983,12,149,1942.3
17365,12,468,4801.56
18156,12,140,734.94
15747,12,93,974.04
13064,12,69,1119.49
16942,12,283,1947.07
14577,12,123,859.71
15351,11,233,2058.08
16923,11,696,7828.39
17068,11,297,4572.9400000000005
16024,11,64,251.23999999999998
15009,11,182,1261.78
16005,11,218,615.39
16877,11,159,853.72
17411,11,43,808.94
14954,11,85,336.17
15514,11,218,5315.7300000000005
17885,11,64,190.19
18112,11,26,352.69
13546,11,98,626.99
15054,11,114,302.1
17231,11,546,3220.82
15987,11,140,1451.28
13610,11,228,1148.33
15861,11,547,3330.36
18001,11,58,417.23
15436,11,329,1122.53
17595,11,83,388.79
13991,11,86,861.31
15555,11,925,4852.14
14093,11,105,442.85
14741,11,59,1400.3400000000001
17739,11,48,2796.65
13258,11,38,698.5799999999999
15511,11,160,909.23
18229,11,164,7276.9
12906,11,63,2919.81
15571,11,57,650.4300000000001
17031,11,22,380.35
13418,11,314,6409.42
17651,11,239,4003.33
14470,11,43,461.19
12427,11,35,943.23
16900,11,82,1586.53
17988,11,39,211.07
15561,11,31,878.4399999999999
13758,11,117,3190.55
15714,11,35,330.88
16364,11,53,707.04
13004,11,409,5698.39
18041,11,474,4205.64
17299,11,57,669.11
15721,11,91,507.08000000000004
14215,11,109,1801.52
12674,11,91,2021.8899999999999
15022,11,135,905.04
17852,11,24,114.34
18096,11,213,911.15
16094,11,67,1114.6299999999999
14704,10,415,1546.91
13590,10,89,1987.72
16744,10,242,1304.76
17019,10,234,1272.61
14597,10,55,883.15
16347,10,92,887.65
17523,10,33,652.74
13844,10,20,361.62
12660,10,13,245.10000000000002
18101,10,41,223.65
17419,10,208,4252.17
15540,10,15,213.29999999999998
17188,10,89,2672.88
13196,10,110,1797.78
17379,10,83,404.66
15838,10,169,33935.4
13389,10,51,797.96
14290,10,103,2321.85
16800,10,164,1201.49
17806,10,43,546.04
13030,10,99,799.48
17359,10,15,127.86
13266,10,202,3950.85
13950,10,36,761.5600000000001
17237,10,19,314.69
15601,10,414,6807.76
13188,10,2,114.6
13238,10,32,720.63
12657,10,56,2134.3
17929,10,6,851.5
14480,10,13,279.05
14511,10,71,1362.21
14901,10,98,1427.59
13349,10,16,247.32
15619,10,3,336.4
15148,10,20,301.29
12451,10,355,9137.52
13429,10,67,1006.8
14961,10,317,7082.78
14321,10,123,1530.75
14601,10,7,213.96
15783,10,14,246.3
13467,10,99,1083.71
12654,10,38,601.98
14209,10,88,2079.73
13928,10,27,464.57
16818,10,191,3381.17
14180,10,248,4856.27
13496,10,36,688.73
17772,10,53,182.77
14419,10,206,1058.06
14667,10,576,9251.2
18118,10,1284,5711.87
17655,10,93,2706.14
17711,10,23,385.1
14408,10,107,2606.53
14866,10,103,14582.35
12727,10,141,4013.7000000000003
17658,10,23,704.96
15218,10,166,5756.89
16992,10,95,1626.76
14173,10,29,450.84000000000003
14205,10,39,714.62
14452,10,62,264.44
12627,10,230,4478.53
13137,10,705,3695.7400000000002
14550,10,48,765.62
17306,10,69,8661.89
13657,10,16,382.14
14701,10,350,2612.52
16168,10,99,3804.6
14125,10,167,2740.43
17466,9,41,763.28
16782,9,197,2317.55
14785,9,3,77.4
16852,9,9,144.91
14235,9,80,3195.86
12464,9,29,1212.05
13999,9,212,3938.36
16479,9,35,300.83
15206,9,9,420.3
14390,9,291,4713.17
17101,9,42,1621.73
13147,9,4,712.8
15239,9,52,796.84
14824,9,29,1127.71
13428,9,74,218.47
15615,9,429,10439.44
13211,9,56,1197.42
15790,9,35,220.85
14711,9,359,2899.4
13068,9,2,344.0
16549,9,981,4154.64
13198,9,229,3418.39
16775,9,158,1695.66
12670,9,94,3005.9500000000003
14723,9,278,1158.3
17468,9,5,137.0
13576,9,130,6731.38
18161,9,81,1624.5900000000001
14349,9,31,133.5
12798,9,8,6977.04
17682,9,119,2489.33
14088,9,590,50568.13
15089,9,145,2420.84
15297,9,41,648.84
14554,9,216,2381.04
14836,9,6,102.45
14432,9,382,2255.51
15903,9,75,5127.18
16295,9,79,1328.55
15113,9,101,3779.25
18058,9,3,170.16
12787,9,20,463.66
12488,9,55,1298.66
12494,9,84,1352.85
12953,9,17,329.85
13784,9,31,2462.79
15414,9,39,774.9000000000001
14062,9,111,10464.85
13658,9,112,2856.87
14540,9,76,996.26
15073,9,76,1474.3899999999999
13203,9,57,869.46
12630,9,64,1270.88
15782,9,44,2635.54
14156,9,1420,121375.12
16241,9,662,2607.87
14755,9,237,5055.18
15039,9,1508,20042.44
16115,9,284,1667.97
16657,9,208,933.62
15394,9,85,2183.54
13647,9,80,1686.02
15024,9,155,1661.33
18241,9,105,2088.09
16062,9,64,1153.62
14963,9,198,1487.8
12598,9,133,3043.48
14893,9,73,1237.8500000000001
15152,9,278,4807.14
16361,9,106,896.66
15611,9,45,1614.51
12966,9,10,160.18
14005,9,84,2874.72
13012,8,107,2012.0600000000002
15654,8,21,922.53
17502,8,28,689.1
18230,8,89,2903.8
14618,8,17,568.29
15680,8,78,1333.68
16712,8,447,3645.43
14448,8,20,375.35
15712,8,53,1072.36
15467,8,53,537.88
16956,8,18,325.14
12528,8,95,1944.68
14875,8,50,1481.92
17911,8,39,366.23
14733,8,216,9720.28
14644,8,29,881.0600000000001
15251,8,121,10642.869999999999
17096,8,52,1051.58
14936,8,366,8156.62
15793,8,13,982.26
13212,8,143,795.58
17737,8,10,168.24
17727,8,67,1077.95
14258,8,112,12689.88
12524,8,144,4485.72
17736,8,26,417.39
14385,8,14,202.10999999999999
12784,8,59,574.42
12714,8,259,4708.86
15046,8,207,5363.53
17288,8,142,1419.73
12882,8,13,1463.04
18158,8,35,455.05
18179,8,90,1793.17
14713,8,341,2668.46
16915,8,57,621.6800000000001
16265,8,260,5470.85
16101,8,83,1335.44
18059,8,21,316.21
17340,8,424,12815.4
12429,8,97,3750.4
13050,8,422,5989.11
15444,8,219,1418.26
15676,8,216,3547.43
16717,8,236,4438.400000000001
13853,8,24,1123.34
15197,8,36,1502.78
13644,8,148,2651.0
13310,8,77,1180.43
14329,8,269,5100.9400000000005
13971,8,158,2814.3
17636,8,24,305.19
15687,8,168,3004.7
13365,8,132,2259.52
18130,8,71,1073.04
17063,8,82,1500.69
14525,8,298,4443.03
17044,8,10,999.5300000000001
14626,8,126,2825.4700000000003
16570,8,133,3853.85
13410,8,30,1017.21
17540,8,26,587.4
16839,8,298,17830.920000000002
17071,8,148,2472.58
13854,8,114,8194.02
16293,8,120,2261.2400000000002
15544,8,261,3550.91
14389,8,62,1087.2
12572,8,62,1036.1200000000001
17828,8,82,2040.21
15563,8,117,1481.19
13115,8,132,2383.93
14950,8,20,381.15
14853,8,10,488.55
14860,8,12,172.01999999999998
14188,8,71,2089.81
12901,8,125,19015.98
13509,8,44,979.72
15101,8,9,325.03000000000003
14146,8,245,5432.43
16938,8,242,3569.6300000000006
16496,8,97,1636.82
16145,8,237,3857.0
13040,8,43,676.99
15993,8,560,2838.32
16700,8,312,5113.1
16701,8,154,5646.33
14243,8,148,2641.6600000000003
14388,8,191,3253.64
15745,8,65,1117.94
13159,8,122,1495.95
14804,8,12,353.27
16376,8,128,996.5
14047,8,34,1327.21
14289,8,47,911.26
17937,8,43,4301.22
15172,8,110,1624.05
15021,8,479,1957.36
17381,8,110,20278.79
14178,8,327,1620.93
15380,8,37,1698.1599999999999
12951,8,65,1086.07
14659,8,259,2603.33
13090,8,161,9132.25
16156,8,139,3219.46
14960,7,27,221.27
12963,7,96,1872.23
18122,7,364,1826.21
14367,7,533,9355.22
17768,7,105,2273.1800000000003
14287,7,11,202.03
15862,7,147,832.88
17450,7,351,201619.41
18077,7,227,2633.01
15434,7,59,1085.48
14309,7,123,2385.38
16966,7,31,2161.47
17321,7,107,700.86
15500,7,68,1131.56
15060,7,121,303.09000000000003
12919,7,52,1368.94
16240,7,142,3743.79
16813,7,449,1692.98
15028,7,48,627.13
17014,7,75,607.08
15602,7,54,1512.11
14262,7,143,2618.23
17115,7,43,868.1
14732,7,149,2718.64
17293,7,135,1875.11
15904,7,30,164.68
15373,7,137,2618.71
13171,7,48,510.01
16119,7,16,423.36
16242,7,295,3608.16
15144,7,218,6630.84
16789,7,5,80.80000000000001
16169,7,85,1822.97
15948,7,60,955.24
14440,7,55,2357.6800000000003
17350,7,72,1315.95
14299,7,162,5075.89
14766,7,137,2523.67
16011,7,212,3362.71
12553,7,196,3732.31
12664,7,38,4899.88
12562,7,168,3781.7400000000002
17576,7,417,3787.58
15531,7,228,2007.44
17566,7,152,901.21
17157,7,15,331.45
14895,7,506,11257.16
13297,7,59,2089.85
12684,7,105,2283.63
17183,7,76,3407.71
12364,7,85,1313.1
12762,7,69,1898.52
13183,7,94,3957.78
14897,7,55,1366.38
17942,7,2,77.50000000000001
12700,7,270,5011.99
12856,7,317,2197.18
18097,7,109,2702.75
12359,7,254,6499.63
13495,7,52,2099.62
17386,7,28,2686.42
12465,7,51,750.49
18282,7,13,179.5
14126,7,16,768.6300000000001
14292,7,108,4924.53
13352,7,27,406.68
16440,7,282,3640.67
16899,7,125,1281.56
17495,7,27,497.56
14092,7,217,4090.7200000000003
16333,7,45,26626.8
14688,7,359,6154.36
13705,7,28,711.86
16038,7,28,489.23
16759,7,43,806.74
12536,7,273,21096.84
18144,7,43,2888.75
12587,7,4,144.0
15547,6,702,4954.84
16474,6,368,1931.53
13560,6,33,174.37
15123,6,106,2199.31
12704,6,90,2460.84
14428,6,148,1259.52
12695,6,27,582.1
14594,6,53,379.83
17221,6,63,335.13
15539,6,41,538.46
13780,6,57,360.01
15769,6,147,60681.72
17086,6,96,2050.08
14023,6,31,584.07
15271,6,275,2528.32
16103,6,48,1429.64
18055,6,363,6816.24
14250,6,111,1904.05
12970,6,151,452.24
15570,6,330,4221.07
18245,6,177,2626.56
12668,6,168,3871.12
13969,6,633,9121.19
14560,6,76,2301.36
13458,6,394,9755.22
17686,6,286,5739.46
15078,6,451,9862.87
17567,6,177,4650.4
13017,6,1,204.0
12962,6,16,266.39
13953,6,20,3515.68
14493,6,123,2403.64
14865,6,4,52.2
13884,6,60,793.9
13868,6,33,3192.54
13309,6,107,1456.79
16989,6,12,1133.25
18174,6,1,104.0
16359,6,70,2041.47
14788,6,30,679.4399999999999
17584,6,36,1257.3
14031,6,258,19939.079999999998
16326,5,320,3135.96
18065,5,138,2405.58
12952,5,80,1392.74
16438,5,132,798.35
17629,5,124,1844.1200000000001
13838,5,174,691.73
13558,5,175,605.0600000000001
14354,5,9,163.62
17618,5,78,971.58
16561,5,31,511.12
17858,5,199,5155.66
13596,5,166,697.04
14720,5,37,663.81
16283,5,168,1610.11
13822,5,96,632.0
13153,5,15,486.22
12827,5,25,430.15000000000003
17114,5,135,870.02
13808,5,76,1747.66
14583,5,330,1052.55
16033,5,1152,8905.19
15773,5,10,635.6800000000001
17131,4,134,2463.17
16931,4,898,4604.22
13956,4,152,1026.42
17936,4,77,389.84000000000003
13319,4,500,11026.76
15867,4,463,3827.4900000000002
12719,4,42,681.8000000000001
12560,4,111,2166.63
12673,4,42,610.52
14456,4,977,3077.17
16905,4,209,3119.38
17750,4,193,1797.57
17954,4,489,2370.07
17173,4,87,3777.55
13435,4,103,3825.29
17827,4,220,1995.46
13704,4,135,2320.81
13630,4,80,2067.88
16535,4,31,593.75
13736,4,194,739.8
14658,4,29,247.15
14102,4,84,1405.83
16988,4,7,126.12
12724,4,53,1031.41
12490,4,245,5417.93
14075,4,43,942.26
18180,4,119,1843.75
13417,4,28,640.83
15358,4,561,8459.6
12782,4,107,2388.52
13126,4,142,2142.99
15572,4,215,2552.86
12646,4,45,1346.97
17402,4,59,2633.85
16513,4,35,874.59
14931,4,42,1550.68
15628,4,157,2874.84
14194,4,604,11482.29
15392,4,85,1555.33
12925,4,45,694.05
12841,4,439,4168.3
16149,4,18,280.52
16642,4,35,696.83
16811,4,28,547.07
15290,4,212,8082.67
14759,4,102,1625.97
16500,4,11,400.86
16873,4,289,7180.93
15053,4,71,697.79
17006,4,44,781.78
12913,4,50,2483.63
16682,4,30,1028.0
16360,4,671,3613.37
17579,4,52,457.6
14060,4,203,6145.46
14649,4,199,1417.29
16746,4,452,6701.01
15033,4,513,2602.32
12381,4,91,1886.66
17254,4,112,272.44
16910,3,547,1510.06
13311,3,26,598.57
16904,3,710,3754.27
14083,3,181,1018.43
12628,3,43,803.3100000000001
14777,3,3,17.45
14401,3,183,4062.98
16851,3,20,342.45
17706,3,395,10911.61
15854,3,140,2974.65
14696,3,133,2086.93
17090,3,64,2046.0500000000002
17811,3,872,7997.75
16592,3,222,4154.08
17218,3,274,1960.72
15621,3,18,1427.29
15097,3,25,248.08
16684,3,281,67415.04
15031,3,111,668.14
18044,3,128,2091.55
17920,3,696,4204.1
15640,3,495,12597.98
17817,3,33,387.68
16200,3,179,1080.6200000000001
18198,3,166,5768.06
18015,3,46,120.03
13001,3,342,9839.720000000001
13083,3,18,303.75
16968,3,31,439.43
13305,3,81,2000.86
17676,3,79,1392.0900000000001
15550,3,61,575.63
16379,3,109,2182.9
12994,3,73,1046.6200000000001
16597,3,7,90.04
13790,3,45,348.8
13173,3,43,353.65
15690,3,19,239.76
16600,3,62,813.52
13230,3,612,2850.53
17426,3,272,5052.26
14219,3,7,89.94
14793,3,15,243.84
17404,3,201,33512.82
12683,3,362,8732.05
12957,3,244,4056.04
14546,3,417,2669.16
14198,3,44,739.3
16057,3,134,2386.02
18030,3,10,240.6
13021,3,134,2648.36
12367,3,11,168.9
14608,3,20,1785.15
13079,3,6,220.10000000000002
14629,3,153,978.8100000000001
15274,3,47,716.57
13985,3,353,7095.7300000000005
15856,3,653,16601.47
15932,3,119,2529.89
14096,3,5128,73208.67
15145,3,67,1194.73
17383,3,51,199.29
16929,3,77,1295.39
12766,3,310,6989.63
17728,3,169,3236.34
12716,3,69,1053.49
14140,3,67,950.05
17666,3,18,728.16
12479,3,35,577.1
17659,3,161,3044.17
13694,3,585,67426.14
12584,3,126,2782.35
17611,3,582,4020.57
18167,3,43,1414.21
12921,3,741,16784.44
12478,3,36,680.99
12749,3,231,4313.56
12682,3,525,12288.22
14737,3,17,1164.55
12723,3,69,725.07
13709,3,346,6406.99
12877,3,154,1535.77
17593,3,215,3943.12
14543,3,107,4344.49
16013,3,151,40894.950000000004
14655,3,50,1934.3100000000002
13914,3,34,638.95
14869,3,72,729.45
13255,3,14,408.36
16015,3,184,720.24
15992,3,3,41.989999999999995
13994,3,155,2313.14
14562,3,446,5440.32
14547,3,367,4028.34
16949,3,61,1411.27
16133,3,365,14872.42
15157,3,133,2002.6399999999999
15318,3,33,312.62
17884,3,117,717.45
14825,3,121,2226.9100000000003
14418,3,124,1937.25
12753,3,230,21834.77
16764,3,718,2840.25
18005,3,60,249.72
16790,3,95,1571.1200000000001
17914,3,80,336.43
18283,3,756,2094.88
15061,3,410,54839.54
14735,3,205,6323.6900000000005
17744,3,137,2353.72
17250,3,57,384.52
17346,3,503,2741.54
14113,3,40,2302.92
16620,3,9,178.96
14121,3,161,2820.0
12971,3,308,11449.56
16979,3,91,1894.95
15907,3,249,967.45
16353,3,94,6675.71
14110,3,157,5696.65
13755,3,343,2168.02
14071,3,333,1570.23
17481,3,83,1261.84
13199,3,120,9830.28
17290,3,102,525.24
16528,3,17,244.41
13881,3,180,17329.52
16313,2,16,274.15000000000003
13104,2,20,1098.48
13507,2,162,2479.16
16495,2,97,684.41
18225,2,286,5657.22
13225,2,34,6844.64
14503,2,164,3543.26
17857,2,56,26994.74
14871,2,98,522.38
17705,2,108,1865.92
13362,2,169,3095.9900000000002
16571,2,106,1558.16
16143,2,118,2430.04
14907,2,168,3523.35
12967,2,33,2127.05
12442,2,12,172.06
14673,2,74,1736.4
16016,2,237,1534.21
14572,2,273,2861.9900000000002
17119,2,38,620.21
14868,2,147,2967.54
15822,2,33,885.47
16554,2,74,1032.65
12417,2,198,3719.4
14216,2,59,1839.3
15622,2,214,4194.59
16076,2,131,2295.9300000000003
15814,2,74,2047.93
14298,2,1640,52192.16
15194,2,326,7711.89
12820,2,59,942.34
14293,2,61,1046.56
12989,2,68,6993.71
16569,2,5,124.2
12362,2,274,5297.88
17730,2,220,5308.13
16201,2,115,1905.42
17861,2,223,2142.4
16711,2,22,1651.03
12650,2,20,314.44
18154,2,21,399.19
12709,2,257,10178.94
14282,2,156,3729.34
13323,2,21,787.85
14578,2,24,168.63
15023,2,563,6842.36
16987,2,129,1625.05
17883,2,145,671.77
12720,2,359,5850.18
12583,2,251,7375.42
14708,2,29,1156.07
16539,2,45,1388.81
12828,2,56,1018.71
12912,2,24,1662.3
13089,2,1857,60265.78
16971,2,42,482.21
17503,2,38,558.96
13014,2,124,3567.13
17017,2,268,8814.41
16458,2,202,3482.7400000000002
13949,2,160,2427.32
14141,2,46,951.23
14910,2,35,478.84
13743,2,42,1343.05
14794,2,82,1367.71
17511,2,1076,93999.38
14769,2,1094,10707.9
12826,2,94,1481.32
17091,2,198,3852.71
17049,2,322,5725.18
16817,2,95,1762.55
15969,2,21,749.3
13267,2,224,4638.54
13882,2,66,1250.98
16191,2,151,5447.72
12375,2,18,459.58000000000004
15568,2,53,758.29
17238,2,566,3744.65
17412,2,66,1258.06
13685,2,39,3119.44
18219,2,115,2119.77
17835,2,61,350.64
13668,2,501,6511.110000000001
15984,2,275,2858.37
16000,2,9,12393.7
16678,2,170,3206.15
14534,2,558,4818.75
14527,2,1011,9306.26
15195,2,1,3861.0
17232,2,36,421.52
17042,2,98,1044.38
15136,2,69,1290.95
12839,2,316,5599.22
15750,2,295,2479.73
13109,2,50,806.24
14087,2,70,207.17
18272,2,170,3092.38
16271,2,134,1435.19
12785,2,15,318.19
18237,2,61,987.1
16393,1,358,3151.37
17590,1,201,1479.22
14904,1,69,1025.44
16368,1,76,497.43
18092,1,90,9070.76
18273,1,3,204.0
17434,1,138,2414.2200000000003
12950,1,23,1843.0
13870,1,118,2790.63
14132,1,201,3591.93
14204,1,44,161.03
14085,1,451,4461.29
17602,1,565,5155.17
16426,1,372,1908.25
12462,1,72,1255.17
17266,1,80,310.64
15471,1,77,469.48
14739,1,61,3905.46
12747,1,103,4196.01
14395,1,353,3543.51
15701,1,237,1542.14
13534,1,342,6127.08
16779,1,344,10805.39
13767,1,399,17495.010000000002
12615,1,105,2291.19
16525,1,200,14159.33
17870,1,280,1899.3
13769,1,143,2821.15
14032,1,152,3021.34
15525,1,180,840.82
12471,1,531,20907.18
12347,1,182,4310.0
14189,1,277,4703.85
12783,1,86,2847.95
12569,1,191,4184.39
16672,1,117,8176.29
13756,1,143,5233.92
17735,1,690,13110.02
17449,1,279,2536.86
17097,1,213,970.92
15883,1,49,396.48
15298,1,194,5825.7
12935,1,130,2164.95
14251,1,78,2879.7000000000003
13408,1,501,28746.670000000002
16523,1,298,9541.27
14191,1,263,4709.51
13924,1,137,1995.6200000000001
17856,1,17,1442.27
14520,1,4,270.6
15237,1,99,1412.32
17631,1,39,528.33
17677,1,321,16507.24
16019,1,165,4122.24
12558,1,22,539.92
14291,1,238,3893.2
12358,1,19,1168.06
13436,1,12,196.89
15950,1,103,1825.76
13468,1,306,5753.19
15443,1,385,3261.66
15520,1,18,343.5
15453,1,286,1388.3700000000001
14129,1,52,1123.8600000000001
18210,1,134,2621.38
16891,1,203,809.7
12621,1,474,13767.27
12437,1,201,5006.16
13394,1,164,2727.2400000000002
18109,1,454,8180.62
14135,1,134,4690.31
16442,1,174,616.79
12523,1,110,1833.97
18223,1,299,6653.85
14217,1,107,2084.6
14442,1,68,1635.02
15187,1,93,4884.28
15877,1,131,545.78
15159,1,720,18708.34
15214,1,110,1661.44
17841,1,7983,41642.36
16161,1,502,5798.15
14646,1,2085,280923.02
14698,1,210,1250.76
17830,1,23,398.7
13314,1,75,973.22
17436,1,9,216.3
17522,1,73,1070.71
16210,1,123,21086.3
14719,1,238,1612.08
14138,1,47,982.38
13954,1,30,501.25
13102,0,310,6511.89
16933,0,49,596.38
13860,0,77,1251.8
15399,0,50,815.77
17673,0,228,1636.02
13298,0,2,360.0
13081,0,1061,28710.28
16892,0,101,554.24
15189,0,232,16648.64
17668,0,15,347.75
17243,0,407,8725.15
17528,0,260,3716.9
14056,0,1128,8304.9
17644,0,169,3022.3
14653,0,237,1947.55
13510,0,117,1797.96
13680,0,216,5242.53
13521,0,436,1093.65
13263,0,1677,7454.07
12476,0,264,7086.26
13098,0,605,29106.0
17554,0,88,1952.45
14415,0,612,5989.0
16833,0,47,1106.53
14730,0,501,2005.06
13269,0,320,5376.54
14569,0,12,227.39
13013,0,222,4834.89
17451,0,107,1793.8500000000001
15484,0,189,3625.5099999999998
16358,0,110,2030.0500000000002
15898,0,87,1393.08
16688,0,62,1260.8600000000001
17757,0,742,5625.09
14796,0,1165,8205.47
13890,0,114,1906.76
13404,0,11,252.49
16322,0,37,326.75
13471,0,260,2531.58
13798,0,439,37956.28
14911,0,5903,155077.5
17491,0,110,3575.82
14621,0,96,1810.96
12955,0,183,4780.06
13536,0,179,3448.29
13026,0,43,1014.57
17405,0,94,1095.6000000000001
15208,0,43,872.62
16794,0,287,1243.91
17144,0,48,984.57
17675,0,721,20650.46
16401,0,198,4135.4
15156,0,55,961.49
17530,0,394,2385.0
17949,0,79,64270.12
13078,0,380,12823.6
13318,0,20,640.76
17526,0,23,1685.1
15951,0,43,746.87
15755,0,149,2409.62
13883,0,155,2810.21
13077,0,112,729.27
13599,0,264,5276.74
17924,0,38,3030.67
14606,0,2782,12599.45
14702,0,348,3333.64
15796,0,135,2756.51
13069,0,470,5154.42
13426,0,159,3731.94
17364,0,414,4506.63
14441,0,59,1880.64
17490,0,86,2257.7599999999998
16446,0,4,336942.1
17001,0,169,3989.57
17389,0,224,32367.28
15694,0,79,6535.2
17428,0,343,17435.25
16954,0,54,2085.08
14397,0,95,2669.2400000000002
12433,0,420,13375.87
12423,0,126,1869.51
12518,0,124,2056.89
16558,0,474,8419.94
14051,0,215,15743.44
15498,0,523,14236.34
15344,0,32,651.3
12985,0,78,1263.14
15910,0,267,1232.18
17754,0,93,1804.6
14422,0,222,4263.64
14446,0,293,1039.58
18102,0,433,262876.11
16626,0,184,4446.55
17315,0,487,6380.06
12662,0,232,3882.48
15311,0,2491,62116.46
16705,0,284,14123.85
12526,0,71,1316.66
12713,0,38,848.55
12748,0,4642,38367.36
17581,0,452,11353.97
13777,0,219,26205.97
15804,0,274,4564.2300000000005
13113,0,280,13981.92
12680,0,52,862.81
